ticker,name,market_cap,tier,sector,industry,last_checked
NVDA,NVIDIA Corporation Common Stock,5412378000000.0,mega,Technology,Semiconductors,2026-09-27
AAPL,Apple Inc. Common Stock,4902476945600.0,mega,Technology,Computer Manufacturing,2026-09-27
GOOGL,Alphabet Inc. Class A Common Stock,4187062800000.0,mega,Technology,Computer Software: Programming Data Processing,2026-09-27
MSFT,Microsoft Corporation Common Stock,3697401866334.0,mega,Technology,Computer Software: Prepackaged Software,2026-09-27
AMZN,Amazon.com Inc. Common Stock,2689890878585.0,mega,Consumer Discretionary,Catalog/Specialty Distribution,2026-09-27
TSM,Taiwan Semiconductor Manufacturing Company Ltd.,2339891687440.0,mega,Technology,Semiconductors,2026-09-27
SPCX,Space Exploration Technologies Corp. Class A Common Stock,2009184785149.0,mega,Technology,Computer Software: Programming Data Processing,2026-09-27
META,Meta Platforms Inc. Class A Common Stock,1980915365498.0,mega,Technology,Computer Software: Programming Data Processing,2026-09-27
AVGO,Broadcom Inc. Common Stock,1672488959501.0,mega,Technology,Semiconductors,2026-09-27
TSLA,Tesla Inc. Common Stock,1492691942088.0,mega,Industrials,Auto Manufacturing,2026-09-27
SKHY,SK hynix Inc. American Depositary Shares,1358386632350.0,mega,Technology,Semiconductors,2026-09-27
MU,Micron Technology Inc. Common Stock,1220343181450.0,mega,Technology,Semiconductors,2026-09-27
BRK-B,Berkshire Hathaway Inc.,1114584378402.0,mega,,,2026-09-27
LLY,Eli Lilly and Company Common Stock,1112580501553.0,mega,Health Care,Biotechnology: Pharmaceutical Preparations,2026-09-27
AMD,Advanced Micro Devices Inc. Common Stock,1027251244929.0,mega,Technology,Semiconductors,2026-09-27
JPM,JP Morgan Chase & Co. Common Stock,899955518179.0,mega,Finance,Major Banks,2026-09-27
WMT,Walmart Inc. Common Stock,853591758069.0,mega,Consumer Discretionary,Department/Specialty Retail Stores,2026-09-27
INTC,Intel Corporation Common Stock,673265005006.0,mega,Technology,Semiconductors,2026-09-27
XOM,ExxonMobil Holdings Corporation Common Stock,666705405194.0,mega,Energy,Integrated oil Companies,2026-09-27
ASML,ASML Holding N.V. New York Registry Shares,663881927963.0,mega,Technology,Industrial Machinery/Components,2026-09-27
V,Visa Inc.,657490187696.0,mega,Consumer Discretionary,Business Services,2026-09-27
JNJ,Johnson & Johnson Common Stock,652311352236.0,mega,Health Care,Biotechnology: Pharmaceutical Preparations,2026-09-27
MA,Mastercard Incorporated Common Stock,495891706835.0,mega,Consumer Discretionary,Business Services,2026-09-27
ABBV,AbbVie Inc. Common Stock,468498134599.0,mega,Health Care,Biotechnology: Pharmaceutical Preparations,2026-09-27
PLTR,Palantir Technologies Inc. Class A Common Stock,462611479713.0,mega,Technology,Computer Software: Prepackaged Software,2026-09-27
ORCL,Oracle Corporation Common Stock,421932121440.0,mega,Technology,Computer Software: Prepackaged Software,2026-09-27
CSCO,Cisco Systems Inc. Common Stock (DE),421738517805.0,mega,Telecommunications,Computer Communications Equipment,2026-09-27
CVX,Chevron Corporation Common Stock,406317362498.0,mega,Energy,Integrated oil Companies,2026-09-27
COST,Costco Wholesale Corporation Common Stock,397569878210.0,mega,Consumer Discretionary,Department/Specialty Retail Stores,2026-09-27
BAC,Bank of America Corporation Common Stock,391803690891.0,mega,Finance,Major Banks,2026-09-27
LRCX,Lam Research Corporation Common Stock,384355758360.0,mega,Technology,Industrial Machinery/Components,2026-09-27
KO,Coca-Cola Company (The) Common Stock,379054588308.0,mega,Consumer Staples,Beverages (Production/Distribution),2026-09-27
AMAT,Applied Materials Inc. Common Stock,376363587343.0,mega,Technology,Semiconductors,2026-09-27
CAT,Caterpillar Inc. Common Stock,370153204367.0,mega,Industrials,Construction/Ag Equipment/Trucks,2026-09-27
MRK,Merck & Company Inc. Common Stock (new),365092058991.0,mega,Health Care,Biotechnology: Pharmaceutical Preparations,2026-09-27
HSBC,HSBC Holdings plc. Common Stock,343917503221.0,mega,Finance,Savings Institutions,2026-09-27
DELL,Dell Technologies Inc. Class C Common Stock ,340808350255.0,mega,Technology,Computer Manufacturing,2026-09-27
PG,Procter & Gamble Company (The) Common Stock,338623408181.0,mega,Consumer Discretionary,Package Goods/Cosmetics,2026-09-27
UNH,UnitedHealth Group Incorporated Common Stock (DE),336607043573.0,mega,Health Care,Medical Specialities,2026-09-27
GE,GE Aerospace Common Stock,331791740407.0,mega,Technology,Consumer Electronics/Appliances,2026-09-27
ARM,Arm Holdings plc American Depositary Shares,325962685898.0,mega,Technology,Semiconductors,2026-09-27
PANW,Palo Alto Networks Inc. Common Stock,318954560000.0,mega,Technology,Computer peripheral equipment,2026-09-27
MS,Morgan Stanley Common Stock,308333574445.0,mega,Finance,Investment Bankers/Brokers/Service,2026-09-27
NFLX,Netflix Inc. Common Stock,298637753563.0,mega,Consumer Discretionary,Consumer Electronics/Video Chains,2026-09-27
PM,Philip Morris International Inc Common Stock,298474473569.0,mega,Health Care,Medicinal Chemicals and Botanical Products,2026-09-27
HD,Home Depot Inc. (The) Common Stock,291504954925.0,mega,Consumer Discretionary,RETAIL: Building Materials,2026-09-27
RY,Royal Bank Of Canada Common Stock,276193744901.0,mega,Finance,Commercial Banks,2026-09-27
NVS,Novartis AG Common Stock,273953336554.0,mega,Health Care,Biotechnology: Pharmaceutical Preparations,2026-09-27
GS,Goldman Sachs Group Inc. (The) Common Stock,268835649292.0,mega,Finance,Investment Bankers/Brokers/Service,2026-09-27
BABA,Alibaba Group Holding Limited American Depositary Shares each representing eight Ordinary share,267999628171.0,mega,Consumer Discretionary,Business Services,2026-09-27
MUFG,Mitsubishi UFJ Financial Group Inc. Common Stock,267854235464.0,mega,Finance,Commercial Banks,2026-09-27
CRWD,CrowdStrike Holdings Inc. Class A Common Stock,265885160422.0,mega,Technology,Computer Software: Prepackaged Software,2026-09-27
SHEL,Shell PLC American Depositary Shares (each representing two (2) Ordinary Shares) ,264436563408.0,mega,Energy,Oil & Gas Production,2026-09-27
ANET,Arista Networks Inc. Common Stock,259433910094.0,mega,Telecommunications,Computer Communications Equipment,2026-09-27
SAP,SAP  SE ADS,256892519954.0,mega,Technology,Computer Software: Prepackaged Software,2026-09-27
SNDK,Sandisk Corporation Common Stock,256763288534.0,mega,Technology,Electronic Components,2026-09-27
AZN,AstraZeneca PLC Ordinary Shares,255187449003.0,mega,Health Care,Biotechnology: Pharmaceutical Preparations,2026-09-27
GEV,GE Vernova Inc. Common Stock,254359223198.0,mega,Technology,Consumer Electronics/Appliances,2026-09-27
RTX,RTX Corporation Common Stock,254200663540.0,mega,Industrials,Aerospace,2026-09-27
TMO,Thermo Fisher Scientific Inc Common Stock,250832861350.0,mega,Industrials,Industrial Machinery/Components,2026-09-27
WFC,Wells Fargo & Company Common Stock,248512265432.0,mega,Finance,Major Banks,2026-09-27
TXN,Texas Instruments Incorporated Common Stock,247170486216.0,mega,Technology,Semiconductors,2026-09-27
KLAC,KLA Corporation Common Stock,244179764718.0,mega,Technology,Electronic Components,2026-09-27
TM,Toyota Motor Corporation Common Stock,243369577744.0,mega,Industrials,Auto Manufacturing,2026-09-27
MRVL,Marvell Technology Inc. Common Stock,227073255000.0,mega,Technology,Semiconductors,2026-09-27
C,Citigroup Inc. Common Stock,221589399034.0,mega,Finance,Major Banks,2026-09-27
AMGN,Amgen Inc. Common Stock,219518219310.0,mega,Health Care,Biotechnology: Biological Products (No Diagnostic Substances),2026-09-27
BHP,BHP Group Limited American Depositary Shares (Each representing two Ordinary Shares),216306540633.0,mega,Energy,Coal Mining,2026-09-27
LIN,Linde plc Ordinary Shares,215803253507.0,mega,Basic Materials,Major Chemicals,2026-09-27
IBM,International Business Machines Corporation Common Stock,213921034593.0,mega,Technology,Computer Manufacturing,2026-09-27
STX,Seagate Technology Holdings PLC Ordinary Shares (Ireland),207200709722.0,mega,Technology,Electronic Components,2026-09-27
SAN,Banco Santander S.A. Sponsored ADR (Spain),206698836452.0,mega,Finance,Commercial Banks,2026-09-27
AXP,American Express Company Common Stock,206415203555.0,mega,Finance,Finance: Consumer Services,2026-09-27
APH,Amphenol Corporation Common Stock,204872531215.0,mega,Technology,Electrical Products,2026-09-27
QCOM,QUALCOMM Incorporated Common Stock,204018441493.0,mega,Technology,Radio And Television Broadcasting And Communications Equipment,2026-09-27
TTE,TotalEnergies SE Ordinary Shares,200491281170.0,mega,Energy,Oil & Gas Production,2026-09-27
VZ,Verizon Communications Inc. Common Stock,196603962559.0,large,Telecommunications,Telecommunications Equipment,2026-09-27
CRM,Salesforce Inc. Common Stock,196055060000.0,large,Technology,Computer Software: Prepackaged Software,2026-09-27
TD,Toronto Dominion Bank (The) Common Stock,195395226220.0,large,Finance,Commercial Banks,2026-09-27
SHOP,Shopify Inc. Class A Subordinate Voting Shares,188099928389.0,large,Technology,Computer Software: Prepackaged Software,2026-09-27
DE,Deere & Company Common Stock,187373483815.0,large,Industrials,Industrial Machinery/Components,2026-09-27
GILD,Gilead Sciences Inc. Common Stock,185608887152.0,large,Health Care,Biotechnology: Biological Products (No Diagnostic Substances),2026-09-27
ADI,Analog Devices Inc. Common Stock,185399592564.0,large,Technology,Semiconductors,2026-09-27
DIS,Walt Disney Company (The) Common Stock,182269069375.0,large,Consumer Discretionary,Services-Misc. Amusement & Recreation,2026-09-27
TMUS,T-Mobile US Inc. Common Stock,177366251210.0,large,Telecommunications,Telecommunications Equipment,2026-09-27
PEP,PepsiCo Inc. Common Stock,174910853158.0,large,Consumer Staples,Beverages (Production/Distribution),2026-09-27
ABT,Abbott Laboratories Common Stock,174889839727.0,large,Health Care,Biotechnology: Pharmaceutical Preparations,2026-09-27
T,AT&T Inc.,174393214793.0,large,Telecommunications,Telecommunications Equipment,2026-09-27
SCHW,Charles Schwab Corporation (The) Common Stock,172051610186.0,large,Finance,Investment Bankers/Brokers/Service,2026-09-27
NVO,Novo Nordisk A/S Common Stock,171006676682.0,large,Health Care,Biotechnology: Pharmaceutical Preparations,2026-09-27
ETN,Eaton Corporation PLC Ordinary Shares,170896000000.0,large,Technology,Industrial Machinery/Components,2026-09-27
WELL,Welltower Inc. Common Stock,168373228003.0,large,Real Estate,Real Estate Investment Trusts,2026-09-27
SCCO,Southern Copper Corporation Common Stock,168184585295.0,large,Basic Materials,Metal Mining,2026-09-27
MCD,McDonald's Corporation Common Stock,167725195678.0,large,Consumer Discretionary,Restaurants,2026-09-27
BLK,BlackRock Inc. Common Stock,166244406074.0,large,Finance,Investment Bankers/Brokers/Service,2026-09-27
UNP,Union Pacific Corporation Common Stock,162818271737.0,large,Industrials,Railroads,2026-09-27
BBVA,Banco Bilbao Vizcaya Argentaria S.A. Common Stock,162534338889.0,large,Finance,Commercial Banks,2026-09-27
WDC,Western Digital Corporation Common Stock,162355192493.0,large,Technology,Electronic Components,2026-09-27
PFE,Pfizer Inc. Common Stock,161927726663.0,large,Health Care,Biotechnology: Pharmaceutical Preparations,2026-09-27
NEE,NextEra Energy Inc. Common Stock,157741672165.0,large,Utilities,Electric Utilities: Central,2026-09-27
DHR,Danaher Corporation Common Stock,157307189304.0,large,Industrials,Industrial Machinery/Components,2026-09-27
BA,Boeing Company (The) Common Stock,155544819936.0,large,Industrials,Aerospace,2026-09-27
COP,ConocoPhillips Common Stock,155380989534.0,large,Energy,Integrated oil Companies,2026-09-27
BUD,Anheuser-Busch Inbev SA Sponsored ADR (Belgium),152682541041.0,large,Consumer Staples,Beverages (Production/Distribution),2026-09-27
UBS,UBS Group AG Registered Ordinary Shares,150392472651.0,large,Finance,Major Banks,2026-09-27
TJX,TJX Companies Inc. (The) Common Stock,144789585649.0,large,Consumer Discretionary,Clothing/Shoe/Accessory Stores,2026-09-27
NOW,ServiceNow Inc. Common Stock,142464520000.0,large,Technology,Computer Software: Prepackaged Software,2026-09-27
UBER,Uber Technologies Inc. Common Stock,141386011576.0,large,Consumer Discretionary,Business Services,2026-09-27
ISRG,Intuitive Surgical Inc. Common Stock,141141641742.0,large,Health Care,Industrial Specialties,2026-09-27
TBB,AT&T Inc. 5.350% Global Notes due 2066,136572362668.0,large,Telecommunications,Telecommunications Equipment,2026-09-27
SONY,Sony Group Corporation American Depositary Shares ,135550248216.0,large,Consumer Staples,Consumer Electronics/Appliances,2026-09-27
PBR,Petroleo Brasileiro S.A. Petrobras ADS,134300595380.0,large,Energy,Oil & Gas Production,2026-09-27
UL,Unilever PLC American Depositary Shares (each representing One Ordinary Share),134106877164.0,large,Consumer Discretionary,Package Goods/Cosmetics,2026-09-27
GLW,Corning Incorporated Common Stock,132783011224.0,large,Industrials,Telecommunications Equipment,2026-09-27
VRTX,Vertex Pharmaceuticals Incorporated Common Stock,132402917479.0,large,Health Care,Biotechnology: Pharmaceutical Preparations,2026-09-27
MFG,Mizuho Financial Group Inc. Sponosred ADR (Japan),131464005763.0,large,Finance,Major Banks,2026-09-27
FTNT,Fortinet Inc. Common Stock,131092618382.0,large,Technology,Computer peripheral equipment,2026-09-27
CB,Chubb Limited  Common Stock,129181224788.0,large,Finance,Property-Casualty Insurers,2026-09-27
NEM,Newmont Corporation,127812872472.0,large,Basic Materials,Precious Metals,2026-09-27
NET,Cloudflare Inc. Class A Common Stock,127768523336.0,large,Technology,Computer Software: Prepackaged Software,2026-09-27
PLD,Prologis Inc. Common Stock,126871530320.0,large,Real Estate,Real Estate Investment Trusts,2026-09-27
BMY,Bristol-Myers Squibb Company Common Stock,125626951344.0,large,Health Care,Biotechnology: Pharmaceutical Preparations,2026-09-27
MNST,Monster Beverage Corporation,125389233562.0,large,Consumer Staples,Beverages (Production/Distribution),2026-09-27
PH,Parker-Hannifin Corporation Common Stock,122957082377.0,large,Industrials,Metal Fabrications,2026-09-27
BTI,British American Tobacco  Industries p.l.c. Common Stock ADR,121021885751.0,large,Health Care,Medicinal Chemicals and Botanical Products,2026-09-27
LMT,Lockheed Martin Corporation Common Stock,120865117346.0,large,Industrials,Military/Government/Technical,2026-09-27
COF,Capital One Financial Corporation Common Stock,120617253606.0,large,Finance,Major Banks,2026-09-27
BMO,Bank Of Montreal Common Stock,118902478061.0,large,Finance,Commercial Banks,2026-09-27
SPGI,S&P Global Inc. Common Stock,118878100000.0,large,Finance,Finance: Consumer Services,2026-09-27
RIO,Rio Tinto Plc Common Stock,118657965030.0,large,Basic Materials,Metal Mining,2026-09-27
ACN,Accenture plc Class A Ordinary Shares (Ireland),118422986356.0,large,Consumer Discretionary,Business Services,2026-09-27
BKNG,Booking Holdings Inc. Common Stock,118274804505.0,large,Consumer Discretionary,Transportation Services,2026-09-27
SNOW,Snowflake Inc. Common Stock,117835200000.0,large,Technology,Computer Software: Prepackaged Software,2026-09-27
PGR,Progressive Corporation (The) Common Stock,117535930741.0,large,Finance,Property-Casualty Insurers,2026-09-27
HDB,HDFC Bank Limited Common Stock,117143532976.0,large,Finance,Commercial Banks,2026-09-27
SMFG,Sumitomo Mitsui Financial Group Inc Unsponsored American Depositary Shares (Japan),116360035235.0,large,Finance,Commercial Banks,2026-09-27
BP,BP p.l.c. Common Stock,116262289108.0,large,Energy,Integrated oil Companies,2026-09-27
MO,Altria Group Inc.,115011961623.0,large,Health Care,Medicinal Chemicals and Botanical Products,2026-09-27
MDT,Medtronic plc. Ordinary Shares,113216494644.0,large,Health Care,Biotechnology: Electromedical & Electrotherapeutic Apparatus,2026-09-27
BNS,Bank Nova Scotia Halifax Pfd 3 Ordinary Shares,113146598213.0,large,Finance,Major Banks,2026-09-27
PDD,PDD Holdings Inc. American Depositary Shares,111309603328.0,large,Consumer Discretionary,Business Services,2026-09-27
VLO,Valero Energy Corporation Common Stock,110235907718.0,large,Energy,Integrated oil Companies,2026-09-27
MPC,Marathon Petroleum Corporation Common Stock,109788441095.0,large,Energy,Integrated oil Companies,2026-09-27
CVS,CVS Health Corporation Common Stock,108776429883.0,large,Consumer Staples,Retail-Drug Stores and Proprietary Stores,2026-09-27
HOOD,Robinhood Markets Inc. Class A Common Stock,108627120224.0,large,Finance,Investment Bankers/Brokers/Service,2026-09-27
EQNR,Equinor ASA,107936700365.0,large,Energy,Integrated oil Companies,2026-09-27
SBUX,Starbucks Corporation Common Stock,106761000000.0,large,Consumer Discretionary,Restaurants,2026-09-27
LOW,Lowe's Companies Inc. Common Stock,105753072041.0,large,Consumer Discretionary,RETAIL: Building Materials,2026-09-27
SPOT,Spotify Technology S.A. Ordinary Shares,105258637657.0,large,Consumer Discretionary,Broadcasting,2026-09-27
ING,ING Group N.V. Common Stock,104807024914.0,large,Finance,Commercial Banks,2026-09-27
APP,Applovin Corporation Class A Common Stock,104568397970.0,large,Technology,Computer Software: Programming Data Processing,2026-09-27
ADP,Automatic Data Processing Inc. Common Stock,104523798732.0,large,Technology,EDP Services,2026-09-27
FCX,Freeport-McMoRan Inc. Common Stock,103508143058.0,large,Basic Materials,Metal Mining,2026-09-27
SYK,Stryker Corporation Common Stock,103468829159.0,large,Health Care,Medical/Dental Instruments,2026-09-27
ENB,Enbridge Inc Common Stock,103417544057.0,large,Energy,Natural Gas Distribution,2026-09-27
EQIX,Equinix Inc. Common Stock REIT,102101513805.0,large,Real Estate,Real Estate Investment Trusts,2026-09-27
PSX,Phillips 66 Common Stock,102097481777.0,large,Energy,Integrated oil Companies,2026-09-27
BNY,The Bank of New York Mellon Corporation Common Stock,101904537087.0,large,Finance,Major Banks,2026-09-27
MCK,McKesson Corporation Common Stock,101358997978.0,large,Health Care,Other Pharmaceuticals,2026-09-27
CM,Canadian Imperial Bank of Commerce Common Stock,101164472896.0,large,Finance,Commercial Banks,2026-09-27
GSK,GSK plc American Depositary Shares (Each representing two Ordinary Shares),100427334182.0,large,Health Care,Biotechnology: Pharmaceutical Preparations,2026-09-27
SNY,Sanofi ADS,99846690620.0,large,Health Care,Biotechnology: Pharmaceutical Preparations,2026-09-27
IBN,ICICI Bank Limited Common Stock,99811969226.0,large,Finance,Commercial Banks,2026-09-27
CNQ,Canadian Natural Resources Limited Common Stock,99159501200.0,large,Energy,Oil & Gas Production,2026-09-27
AEM,Agnico Eagle Mines Limited Common Stock,98405926292.0,large,Basic Materials,Precious Metals,2026-09-27
ASX,ASE Technology Holding Co. Ltd. American Depositary Shares (each representing Two Common Shares) ,96870097409.0,large,Technology,Semiconductors,2026-09-27
CME,CME Group Inc. Class A Common Stock,96694459613.0,large,Finance,Investment Bankers/Brokers/Service,2026-09-27
TT,Trane Technologies plc,96488964042.0,large,Industrials,Auto Parts:O.E.M.,2026-09-27
RACE,Ferrari N.V. Common Shares,96343037992.0,large,Industrials,Auto Manufacturing,2026-09-27
SO,Southern Company (The) Common Stock,95353586252.0,large,Utilities,Electric Utilities: Central,2026-09-27
PWR,Quanta Services Inc. Common Stock,94806712787.0,large,Industrials,Engineering & Construction,2026-09-27
VRT,Vertiv Holdings LLC Class A Common Stock,94437598837.0,large,Technology,Industrial Machinery/Components,2026-09-27
ADBE,Adobe Inc. Common Stock,92991556000.0,large,Technology,Computer Software: Prepackaged Software,2026-09-27
CEG,Constellation Energy Corporation Common Stock ,92693896494.0,large,Utilities,Electric Utilities: Central,2026-09-27
DDOG,Datadog Inc. Class A Common Stock,92253555166.0,large,Technology,Computer Software: Prepackaged Software,2026-09-27
HCA,HCA Healthcare Inc. Common Stock,91684055220.0,large,Health Care,Hospital/Nursing Management,2026-09-27
MAR,Marriott International Class A Common Stock,91661957895.0,large,Consumer Discretionary,Hotels/Resorts,2026-09-27
HWM,Howmet Aerospace Inc. Common Stock,91477064903.0,large,Industrials,Metal Fabrications,2026-09-27
USB,U.S. Bancorp Common Stock,90990204446.0,large,Finance,Major Banks,2026-09-27
GD,General Dynamics Corporation Common Stock,90985679107.0,large,Industrials,Marine Transportation,2026-09-27
ABNB,Airbnb Inc. Class A Common Stock,90650164398.0,large,Consumer Discretionary,Diversified Commercial Services,2026-09-27
BN,Brookfield Corporation Class A Limited Voting Shares,89770960229.0,large,Real Estate,Building operators,2026-09-27
PNC,PNC Financial Services Group Inc. (The) Common Stock,89100078588.0,large,Finance,Major Banks,2026-09-27
ITUB,Itau Unibanco Banco Holding SA American Depositary Shares (Each repstg 500 Preferred shares),89094318202.0,large,Finance,Major Banks,2026-09-27
MELI,MercadoLibre Inc. Common Stock,88928781292.0,large,Consumer Discretionary,Business Services,2026-09-27
CDNS,Cadence Design Systems Inc. Common Stock,88676546000.0,large,Technology,Computer Software: Prepackaged Software,2026-09-27
DUK,Duke Energy Corporation (Holding Company) Common Stock,88285679313.0,large,Utilities,Power Generation,2026-09-27
ICE,Intercontinental Exchange Inc. Common Stock,88099636845.0,large,Finance,Investment Bankers/Brokers/Service,2026-09-27
JCI,Johnson Controls International plc Ordinary Share,88050580079.0,large,Industrials,Industrial Machinery/Components,2026-09-27
BX,Blackstone Inc. Common Stock,87980769612.0,large,Finance,Investment Managers,2026-09-27
EMR,Emerson Electric Company Common Stock,87094892000.0,large,Technology,Consumer Electronics/Appliances,2026-09-27
CSX,CSX Corporation Common Stock,86973697353.0,large,Industrials,Railroads,2026-09-27
E,ENI S.p.A. Common Stock,86598975937.0,large,Energy,Oil & Gas Production,2026-09-27
MMM,3M Company Common Stock,86393819296.0,large,Health Care,Medical/Dental Instruments,2026-09-27
ELV,Elevance Health Inc. Common Stock,86368194743.0,large,Health Care,Medical Specialities,2026-09-27
WMB,Williams Companies Inc. (The) Common Stock,86331160174.0,large,Utilities,Natural Gas Distribution,2026-09-27
KKR,KKR & Co. Inc. Common Stock,85849868880.0,large,Finance,Investment Managers,2026-09-27
HPE,Hewlett Packard Enterprise Company Common Stock,84320562762.0,large,Technology,Retail: Computer Software & Peripheral Equipment,2026-09-27
LYG,Lloyds Banking Group Plc American Depositary Shares,83738728614.0,large,Finance,Commercial Banks,2026-09-27
LITE,Lumentum Holdings Inc. Common Stock,83334888000.0,large,Telecommunications,Telecommunications Equipment,2026-09-27
WM,Waste Management Inc. Common Stock,83124769665.0,large,Utilities,Environmental Services,2026-09-27
BCS,Barclays PLC Common Stock,82091358111.0,large,Finance,Commercial Banks,2026-09-27
REGN,Regeneron Pharmaceuticals Inc. Common Stock,81954229548.0,large,Health Care,Biotechnology: Pharmaceutical Preparations,2026-09-27
SNPS,Synopsys Inc. Common Stock,81428327252.0,large,Technology,Computer Software: Prepackaged Software,2026-09-27
DASH,DoorDash Inc. Class A Common Stock,81256362126.0,large,Consumer Discretionary,Business Services,2026-09-27
MRSH,Marsh Common Stock,81092510771.0,large,Finance,Specialty Insurers,2026-09-27
MCO,Moody's Corporation Common Stock,80945020000.0,large,Finance,Finance: Consumer Services,2026-09-27
EPD,Enterprise Products Partners L.P. Common Stock,80483714089.0,large,Utilities,Natural Gas Distribution,2026-09-27
SU,Suncor Energy  Inc. Common Stock,80295072864.0,large,Energy,Integrated oil Companies,2026-09-27
NGG,National Grid Transco PLC National Grid PLC (NEW) American Depositary Shares,78988966103.0,large,Utilities,Natural Gas Distribution,2026-09-27
CTAS,Cintas Corporation Common Stock,78976474501.0,large,Industrials,Garments and Clothing,2026-09-27
BE,Bloom Energy Corporation Class A Common Stock,78535716811.0,large,Energy,Industrial Machinery/Components,2026-09-27
CMCSA,Comcast Corporation Class A Common Stock,78531327360.0,large,Telecommunications,Cable & Other Pay Television Services,2026-09-27
UPS,United Parcel Service Inc. Common Stock,78314444623.0,large,Industrials,Trucking Freight/Courier Services,2026-09-27
AMT,American Tower Corporation (REIT) Common Stock,77936477628.0,large,Real Estate,Real Estate Investment Trusts,2026-09-27
CP,Canadian Pacific Kansas City Limited Common Shares,77912483486.0,large,Industrials,Railroads,2026-09-27
SHW,Sherwin-Williams Company (The) Common Stock,77779711580.0,large,Consumer Discretionary,RETAIL: Building Materials,2026-09-27
MRNA,Moderna Inc. Common Stock,77779135895.0,large,Health Care,Biotechnology: Biological Products (No Diagnostic Substances),2026-09-27
MDLZ,Mondelez International Inc. Class A Common Stock,77676108349.0,large,Consumer Staples,Packaged Foods,2026-09-27
ITW,Illinois Tool Works Inc. Common Stock,77465600000.0,large,Industrials,Industrial Machinery/Components,2026-09-27
WBD,Warner Bros. Discovery Inc. Series A Common Stock ,77430090204.0,large,Telecommunications,Cable & Other Pay Television Services,2026-09-27
ECL,Ecolab Inc. Common Stock,77194087408.0,large,Consumer Discretionary,Package Goods/Cosmetics,2026-09-27
SLB,SLB Limited Common Shares,76329486370.0,large,Energy,Oilfield Services/Equipment,2026-09-27
TRV,The Travelers Companies Inc. Common Stock,75585502223.0,large,Finance,Property-Casualty Insurers,2026-09-27
MSI,Motorola Solutions Inc. Common Stock,75284779099.0,large,Technology,Radio And Television Broadcasting And Communications Equipment,2026-09-27
ROST,Ross Stores Inc. Common Stock,75199262094.0,large,Consumer Discretionary,Clothing/Shoe/Accessory Stores,2026-09-27
NTES,NetEase Inc. American Depositary Shares,75018340024.0,large,Technology,Computer Software: Prepackaged Software,2026-09-27
EOG,EOG Resources Inc. Common Stock,74934238083.0,large,Energy,Oil & Gas Production,2026-09-27
INTU,Intuit Inc. Common Stock,74059112680.0,large,Technology,Computer Software: Prepackaged Software,2026-09-27
MFC,Manulife Financial Corporation Common Stock,72580048454.0,large,Finance,Life Insurance,2026-09-27
CNI,Canadian National Railway Company Common Stock,72443672000.0,large,Industrials,Railroads,2026-09-27
NOC,Northrop Grumman Corporation Common Stock,72307238973.0,large,Industrials,Industrial Machinery/Components,2026-09-27
NWG,NatWest Group plc American Depositary Shares (each representing two (2) Ordinary Shares),72107127517.0,large,Finance,Commercial Banks,2026-09-27
CMI,Cummins Inc. Common Stock,71732834241.0,large,Industrials,Industrial Machinery/Components,2026-09-27
BRKRP,Bruker Corporation 6.375% Mandatory Convertible Preferred Stock Series A,71391004698.0,large,Industrials,Biotechnology: Laboratory Analytical Instruments,2026-09-27
APO,Apollo Global Management Inc. (New) Common Stock,71272653860.0,large,Finance,Investment Managers,2026-09-27
BAM,Brookfield Asset Management Inc Class A Limited Voting Shares,71204826262.0,large,Real Estate,Building operators,2026-09-27
TGT,Target Corporation Common Stock,70938435326.0,large,Consumer Discretionary,Department/Specialty Retail Stores,2026-09-27
GM,General Motors Company Common Stock,70696270658.0,large,Industrials,Auto Manufacturing,2026-09-27
CVNA,Carvana Co. Class A Common Stock,70627764759.0,large,Consumer Discretionary,Retail-Auto Dealers and Gas Stations,2026-09-27
NSC,Norfolk Southern Corporation Common Stock,70340604172.0,large,Industrials,Railroads,2026-09-27
HLT,Hilton Worldwide Holdings Inc. Common Stock ,70249510358.0,large,Consumer Discretionary,Hotels/Resorts,2026-09-27
CI,The Cigna Group Common Stock,70155849033.0,large,Health Care,Medical Specialities,2026-09-27
ET,Energy Transfer LP Common Units ,70002280888.0,large,Utilities,Natural Gas Distribution,2026-09-27
ORLY,O'Reilly Automotive Inc. Common Stock,69764778702.0,large,Consumer Discretionary,Auto & Home Supply Stores,2026-09-27
B,Barrick Mining Corporation Common Shares,69653828612.0,large,Basic Materials,Precious Metals,2026-09-27
KMI,Kinder Morgan Inc. Common Stock,69587565281.0,large,Utilities,Natural Gas Distribution,2026-09-27
CL,Colgate-Palmolive Company Common Stock,68014785770.0,large,Consumer Discretionary,Package Goods/Cosmetics,2026-09-27
HON,Honeywell International Inc. Common Stock,67124724718.0,large,Industrials,Aerospace,2026-09-27
DB,Deutsche Bank AG Common Stock,67015468000.0,large,Finance,Major Banks,2026-09-27
DLR,Digital Realty Trust Inc. Common Stock,66976547856.0,large,Real Estate,Real Estate Investment Trusts,2026-09-27
AMX,America Movil S.A.B. de C.V. American Depositary Shares (each representing the right to receive twenty (20) Series B Shares,66364987500.0,large,Telecommunications,Telecommunications Equipment,2026-09-27
SPG,Simon Property Group Inc. Common Stock,66230995121.0,large,Real Estate,Real Estate Investment Trusts,2026-09-27
NBIS,Nebius Group N.V. Class A Ordinary Shares,66191308479.0,large,Technology,Computer Software: Programming Data Processing,2026-09-27
FDX,FedEx Corporation Common Stock,66158853400.0,large,Consumer Discretionary,Air Freight/Delivery Services,2026-09-27
NU,Nu Holdings Ltd. Class A Ordinary Shares,65842934450.0,large,Finance,Finance: Consumer Services,2026-09-27
MPWR,Monolithic Power Systems Inc. Common Stock,65632933650.0,large,Technology,Semiconductors,2026-09-27
WPM,Wheaton Precious Metals Corp Common Shares (Canada),65344536196.0,large,Basic Materials,Precious Metals,2026-09-27
RSG,Republic Services Inc. Common Stock,65137624680.0,large,Utilities,Environmental Services,2026-09-27
BSX,Boston Scientific Corporation Common Stock,64751575222.0,large,Health Care,Medical/Dental Instruments,2026-09-27
AEP,American Electric Power Company Inc. Common Stock,64004796675.0,large,Utilities,Electric Utilities: Central,2026-09-27
RCL,Royal Caribbean Cruises Ltd. Common Stock,63915699034.0,large,Consumer Discretionary,Marine Transportation,2026-09-27
URI,United Rentals Inc. Common Stock,63591283737.0,large,Consumer Discretionary,Diversified Commercial Services,2026-09-27
APD,Air Products and Chemicals Inc. Common Stock,63351806430.0,large,Basic Materials,Major Chemicals,2026-09-27
ALAB,Astera Labs Inc. Common Stock,62543114843.0,large,Technology,Semiconductors,2026-09-27
MSTR,Strategy Inc Common Stock Class A,62094723619.0,large,Technology,Computer Software: Prepackaged Software,2026-09-27
TEL,TE Connectivity plc Ordinary Shares,61860291427.0,large,Technology,Electronic Components,2026-09-27
MET,MetLife Inc. Common Stock,61800131151.0,large,Finance,Life Insurance,2026-09-27
SE,Sea Limited American Depositary Shares each representing one Class A Ordinary Share,61695565901.0,large,Consumer Discretionary,Other Consumer Services,2026-09-27
TDG,Transdigm Group Incorporated Common Stock,61096037552.0,large,Industrials,Military/Government/Technical,2026-09-27
KEYS,Keysight Technologies Inc. Common Stock,60869306127.0,large,Industrials,Industrial Machinery/Components,2026-09-27
TRGP,Targa Resources Inc. Common Stock,60716143596.0,large,Utilities,Natural Gas Distribution,2026-09-27
UMC,United Microelectronics Corporation (NEW) Common Stock,60674913583.0,large,Technology,Semiconductors,2026-09-27
TER,Teradyne Inc. Common Stock,60613308775.0,large,Industrials,Electrical Products,2026-09-27
GWW,W.W. Grainger Inc. Common Stock,60264242261.0,large,Industrials,Office Equipment/Supplies/Services,2026-09-27
IMO,Imperial Oil Limited Common Stock,60241180010.0,large,Energy,Integrated oil Companies,2026-09-27
BMNP,BitMine Immersion Technologies Inc. 9.5% Series A Perpetual Preferred Stock,60021026203.0,large,Finance,Finance: Consumer Services,2026-09-27
NOK,Nokia Corporation Sponsored American Depositary Shares,59891560029.0,large,Technology,Radio And Television Broadcasting And Communications Equipment,2026-09-27
ARGX,argenx SE American Depositary Shares,59718152091.0,large,Health Care,Biotechnology: Biological Products (No Diagnostic Substances),2026-09-27
TRP,TC Energy Corporation Common Stock,59650000000.0,large,Utilities,Natural Gas Distribution,2026-09-27
COR,Cencora Inc. Common Stock,59131613619.0,large,Health Care,Other Pharmaceuticals,2026-09-27
NTRA,Natera Inc. Common Stock,58924695254.0,large,Health Care,Medical Specialities,2026-09-27
MPLX,MPLX LP Common Units Representing Limited Partner Interests,58783501393.0,large,Energy,Natural Gas Distribution,2026-09-27
TAK,Takeda Pharmaceutical Company Limited American Depositary Shares (each representing 1/2 of a share of Common Stock),58741511263.0,large,Health Care,Biotechnology: Pharmaceutical Preparations,2026-09-27
CVE,Cenovus Energy Inc Common Stock,58650000000.0,large,Energy,Oil & Gas Production,2026-09-27
AON,Aon plc Class A Ordinary Shares (Ireland),58565711073.0,large,Finance,Specialty Insurers,2026-09-27
RELX,RELX PLC PLC American Depositary Shares (Each representing One Ordinary Share),58560751082.0,large,Consumer Discretionary,Business Services,2026-09-27
PCAR,PACCAR Inc. Common Stock,58252809349.0,large,Industrials,Auto Manufacturing,2026-09-27
AJG,Arthur J. Gallagher & Co. Common Stock,58213419000.0,large,Finance,Specialty Insurers,2026-09-27
FAST,Fastenal Company Common Stock,58212551878.0,large,Consumer Discretionary,RETAIL: Building Materials,2026-09-27
NXPI,NXP Semiconductors N.V. Common Stock,58038106288.0,large,Technology,Semiconductors,2026-09-27
OXY,Occidental Petroleum Corporation Common Stock,58028949387.0,large,Energy,Oil & Gas Production,2026-09-27
VALE,VALE S.A.  American Depositary Shares Each Representing one common share,57894614627.0,large,Basic Materials,Metal Mining,2026-09-27
FIX,Comfort Systems USA Inc. Common Stock,57838008335.0,large,Industrials,Engineering & Construction,2026-09-27
TFC,Truist Financial Corporation Common Stock,57636323550.0,large,Finance,Major Banks,2026-09-27
OKE,ONEOK Inc. Common Stock,57477106237.0,large,Utilities,Oil & Gas Production,2026-09-27
ALL,Allstate Corporation (The) Common Stock,57441740502.0,large,Finance,Property-Casualty Insurers,2026-09-27
AFL,AFLAC Incorporated Common Stock,57158149405.0,large,Finance,Accident &Health Insurance,2026-09-27
LNG,Cheniere Energy Inc. Common Stock,57061257172.0,large,Utilities,Oil/Gas Transmission,2026-09-27
COHR,Coherent Corp. Common Stock,56910809010.0,large,Technology,Electronic Components,2026-09-27
GRMN,Garmin Ltd. Common Stock (Switzerland),56899212221.0,large,Industrials,Industrial Machinery/Components,2026-09-27
BKR,Baker Hughes Company Class A Common Stock,56870297528.0,large,Consumer Discretionary,Oil and Gas Field Machinery,2026-09-27
AME,AMETEK Inc.,56797180589.0,large,Industrials,Industrial Machinery/Components,2026-09-27
NUE,Nucor Corporation Common Stock,56256092621.0,large,Industrials,Steel/Iron Ore,2026-09-27
CRH,CRH PLC Ordinary Shares,56197738711.0,large,Industrials,Building Materials,2026-09-27
DAL,Delta Air Lines Inc. Common Stock,54424881963.0,large,Consumer Discretionary,Air Freight/Delivery Services,2026-09-27
MT,Arcelor Mittal NY Registry Shares NEW,54268270895.0,large,Industrials,Steel/Iron Ore,2026-09-27
DVN,Devon Energy Corporation Common Stock,53790000000.0,large,Energy,Oil & Gas Production,2026-09-27
NKE,Nike Inc. Common Stock,53391118321.0,large,Consumer Discretionary,Shoe Manufacturing,2026-09-27
D,Dominion Energy Inc. Common Stock,53123367320.0,large,Utilities,Electric Utilities: Central,2026-09-27
CTVA,Corteva Inc. Common Stock ,53008722200.0,large,Consumer Staples,Farming/Seeds/Milling,2026-09-27
FANG,Diamondback Energy Inc. Common Stock,52927402961.0,large,Energy,Oil & Gas Production,2026-09-27
NDAQ,Nasdaq Inc. Common Stock,52851310523.0,large,Finance,Investment Bankers/Brokers/Service,2026-09-27
COIN,Coinbase Global Inc. Class A Common Stock,52558953431.0,large,Finance,Finance: Consumer Services,2026-09-27
O,Realty Income Corporation Common Stock,52429941209.0,large,Real Estate,Real Estate Investment Trusts,2026-09-27
CAH,Cardinal Health Inc. Common Stock,51549741384.0,large,Health Care,Other Pharmaceuticals,2026-09-27
SOMN,Southern Company (The) 2025 Series A Corporate Units,51501749988.0,large,Utilities,Electric Utilities: Central,2026-09-27
SRE,DBA Sempra Common Stock,50834213054.0,large,Utilities,Natural Gas Distribution,2026-09-27
CIEN,Ciena Corporation Common Stock,50828429616.0,large,Utilities,Telecommunications Equipment,2026-09-27
HBANL,Huntington Bancshares Incorporated Depositary Shares Each Representing a 1/40th Interest in a Share of 6.875% Series J Non-Cumulative Perpetual Preferred Stock,50611391391.0,large,Finance,Major Banks,2026-09-27
HONA,Honeywell Aerospace Inc. Common Stock ,50224328804.0,large,Industrials,Aerospace,2026-09-27
FNV,Franco-Nevada Corporation,50125974481.0,large,Basic Materials,Precious Metals,2026-09-27
PSA,Public Storage Common Stock,49974749891.0,large,Real Estate,Real Estate Investment Trusts,2026-09-27
AU,AngloGold Ashanti PLC Ordinary Shares,49813214023.0,large,Basic Materials,Precious Metals,2026-09-27
STT,State Street Corporation Common Stock,49745742624.0,large,Finance,Major Banks,2026-09-27
CRWV,CoreWeave Inc. Class A Common Stock,49709993938.0,large,Technology,Computer Software: Prepackaged Software,2026-09-27
EW,Edwards Lifesciences Corporation Common Stock,49414772000.0,large,Health Care,Industrial Specialties,2026-09-27
F,Ford Motor Company Common Stock,49350969247.0,large,Industrials,Auto Manufacturing,2026-09-27
CBRS,Cerebras Systems Inc. Class A Common Stock,49035593703.0,large,Technology,Semiconductors,2026-09-27
WAB,Westinghouse Air Brake Technologies Corporation Common Stock,49022996286.0,large,Industrials,Railroads,2026-09-27
BDX,Becton Dickinson and Company Common Stock,48819886164.0,large,Health Care,Medical/Dental Instruments,2026-09-27
TEAM,Atlassian Corporation Class A Common Stock,48757067157.0,large,Technology,Computer Software: Prepackaged Software,2026-09-27
A,Agilent Technologies Inc. Common Stock,48728583125.0,large,Industrials,Biotechnology: Laboratory Analytical Instruments,2026-09-27
DEO,Diageo plc Common Stock,48333914811.0,large,Consumer Staples,Beverages (Production/Distribution),2026-09-27
ROK,Rockwell Automation Inc. Common Stock,48173832472.0,large,Industrials,Industrial Machinery/Components,2026-09-27
VMRK,Vivmark Residential Common Shares of Beneficial Interest,48076875000.0,large,Real Estate,Real Estate Investment Trusts,2026-09-27
EBAY,eBay Inc. Common Stock,47984350000.0,large,Consumer Discretionary,Business Services,2026-09-27
TEVA,Teva Pharmaceutical Industries Limited Ordinary Shares,46868208498.0,large,Health Care,Biotechnology: Pharmaceutical Preparations,2026-09-27
AZO,AutoZone Inc. Common Stock,46719084671.0,large,Consumer Discretionary,Auto & Home Supply Stores,2026-09-27
FITB,Fifth Third Bancorp Common Stock,46668691343.0,large,Finance,Major Banks,2026-09-27
VST,Vistra Corp. Common Stock,46297518798.0,large,Utilities,Electric Utilities: Central,2026-09-27
RKLB,Rocket Lab Corporation Common Stock,46209394388.0,large,Industrials,Military/Government/Technical,2026-09-27
XYZ,Block Inc. Class A Common Stock,46105008300.0,large,Technology,Computer Software: Prepackaged Software,2026-09-27
STM,STMicroelectronics N.V. Common Stock,46037481777.0,large,Technology,Semiconductors,2026-09-27
WDAY,Workday Inc. Class A Common Stock,46028590000.0,large,Technology,EDP Services,2026-09-27
TWLO,Twilio Inc. Class A Common Stock,46020350425.0,large,Technology,Computer Software: Prepackaged Software,2026-09-27
ABEV,Ambev S.A. American Depositary Shares (Each representing 1 Common Share),45866368780.0,large,Consumer Staples,Beverages (Production/Distribution),2026-09-27
ETR,Entergy Corporation Common Stock,45804547844.0,large,Utilities,Electric Utilities: Central,2026-09-27
HUM,Humana Inc. Common Stock,45668942739.0,large,Health Care,Medical Specialities,2026-09-27
MDLN,Medline Inc. Class A Common Stock,45567761673.0,large,Health Care,Medical/Dental Instruments,2026-09-27
CCEP,Coca-Cola Europacific Partners plc Ordinary Shares,45538977854.0,large,Consumer Staples,Beverages (Production/Distribution),2026-09-27
SMCIP,Super Micro Computer Inc. Depositary Shares representing a 1/20th Interest in a Share of 7% Series A Mandatory Convertible Preferred Stock,45514561804.0,large,Technology,Computer Manufacturing,2026-09-27
IQV,IQVIA Holdings Inc. Common Stock,45268292000.0,large,Health Care,Biotechnology: Commercial Physical & Biological Resarch,2026-09-27
CARR,Carrier Global Corporation Common Stock ,45230715878.0,large,Industrials,Industrial Machinery/Components,2026-09-27
PYPL,PayPal Holdings Inc. Common Stock,44997241972.0,large,Industrials,Diversified Commercial Services,2026-09-27
KB,KB Financial Group Inc,44891596917.0,large,Finance,Commercial Banks,2026-09-27
VTR,Ventas Inc. Common Stock,44539132352.0,large,Real Estate,Real Estate Investment Trusts,2026-09-27
VEEV,Veeva Systems Inc. Class A Common Stock,44499028334.0,large,Technology,Computer Software: Prepackaged Software,2026-09-27
LHX,L3Harris Technologies Inc. Common Stock,44326527193.0,large,Industrials,Industrial Machinery/Components,2026-09-27
SLF,Sun Life Financial Inc. Common Stock,44242908678.0,large,Finance,Life Insurance,2026-09-27
ADSK,Autodesk Inc. Common Stock,44172150000.0,large,Technology,Computer Software: Prepackaged Software,2026-09-27
AMP,Ameriprise Financial Inc. Common Stock,43613570303.0,large,Finance,Investment Managers,2026-09-27
TRI,Thomson Reuters Corporation Common Shares,43458624000.0,large,Consumer Discretionary,Publishing,2026-09-27
XEL,Xcel Energy Inc. Common Stock,43449562325.0,large,Utilities,Power Generation,2026-09-27
IX,ORIX Corporation American Depositary Shares,43075765832.0,large,Finance,Diversified Financial Services,2026-09-27
CLS,Celestica Inc. Common Stock,42949353851.0,large,Technology,Electrical Products,2026-09-27
RVMD,Revolution Medicines Inc. Common Stock,42837276501.0,large,Health Care,Biotechnology: Biological Products (No Diagnostic Substances),2026-09-27
HEI,Heico Corporation Common Stock,42811885874.0,large,Industrials,Aerospace,2026-09-27
BSBR,Banco Santander Brasil SA American Depositary Shares each representing one unit,42660541328.0,large,Finance,Commercial Banks,2026-09-27
FERG,Ferguson Enterprises Inc. Common Stock,42592484702.0,large,Miscellaneous,Miscellaneous,2026-09-27
INFY,Infosys Limited American Depositary Shares,42591780956.0,large,Technology,EDP Services,2026-09-27
WDS,Woodside Energy Group Limited American Depositary Shares each representing one Ordinary Share,42394533189.0,large,Energy,Oil & Gas Production,2026-09-27
WAT,Waters Corporation Common Stock,42276162163.0,large,Industrials,Biotechnology: Laboratory Analytical Instruments,2026-09-27
KDP,Keurig Dr Pepper Inc. Common Stock,42022308053.0,large,Consumer Staples,Beverages (Production/Distribution),2026-09-27
HMC,Honda Motor Company Ltd. Common Stock,41767388143.0,large,Industrials,Auto Manufacturing,2026-09-27
FLEX,Flex Ltd. Ordinary Shares,41520894727.0,large,Technology,Electrical Products,2026-09-27
EXC,Exelon Corporation Common Stock,41496609473.0,large,Utilities,Power Generation,2026-09-27
ILMN,Illumina Inc. Common Stock,41358900000.0,large,Health Care,Medical Specialities,2026-09-27
PRU,Prudential Financial Inc. Common Stock,40968750000.0,large,Finance,Life Insurance,2026-09-27
ONC,BeOne Medicines Ltd. American Depositary Shares,40929264664.0,large,Health Care,Biotechnology: Pharmaceutical Preparations,2026-09-27
IBKR,Interactive Brokers Group Inc. Class A Common Stock,40695481319.0,large,Finance,Investment Bankers/Brokers/Service,2026-09-27
P,Everpure Inc. Class A common stock,40613737352.0,large,Technology,Electronic Components,2026-09-27
MCHP,Microchip Technology Incorporated Common Stock,40557319131.0,large,Technology,Semiconductors,2026-09-27
HLN,Haleon plc American Depositary Shares (Each representing two Ordinary Shares),40552089894.0,large,Consumer Discretionary,Package Goods/Cosmetics,2026-09-27
HBANM,Huntington Bancshares Incorporated Depositary Shares each representing a 1/1000th interest in a share of Huntington Series I Preferred Stock,40509317261.0,large,Finance,Major Banks,2026-09-27
CMG,Chipotle Mexican Grill Inc. Common Stock,40506030180.0,large,Consumer Discretionary,Restaurants,2026-09-27
IDXX,IDEXX Laboratories Inc. Common Stock,40445437143.0,large,Health Care,Biotechnology: In Vitro & In Vivo Diagnostic Substances,2026-09-27
MSCI,MSCI Inc. Common Stock,40427016000.0,large,Consumer Discretionary,Business Services,2026-09-27
LYV,Live Nation Entertainment Inc. Common Stock,40307528092.0,large,Consumer Discretionary,Services-Misc. Amusement & Recreation,2026-09-27
FMX,Fomento Economico Mexicano S.A.B. de C.V. Common Stock,40101615598.0,large,Consumer Staples,Beverages (Production/Distribution),2026-09-27
FER,Ferrovial N.V. Ordinary Shares,39843570306.0,large,Industrials,Military/Government/Technical,2026-09-27
WCN,Waste Connections Inc. Common Shares,39797238616.0,large,Utilities,Environmental Services,2026-09-27
STRF,Strategy Inc 10.00% Series A Perpetual Strife Preferred Stock,39682835563.0,large,Technology,Computer Software: Prepackaged Software,2026-09-27
ARES,Ares Management Corporation Class A Common Stock,39669597975.0,large,Finance,Investment Managers,2026-09-27
CBRE,CBRE Group Inc Common Stock Class A,39535715436.0,large,Finance,Real Estate,2026-09-27
ADM,Archer-Daniels-Midland Company Common Stock,39462850656.0,large,Consumer Staples,Packaged Foods,2026-09-27
DHI,D.R. Horton Inc. Common Stock,39256072823.0,large,Consumer Discretionary,Homebuilding,2026-09-27
AIG,American International Group Inc. New Common Stock,39122866905.0,large,Finance,Property-Casualty Insurers,2026-09-27
HBANZ,Huntington Bancshares Incorporated Depositary Shares Each Representing a 1/1000th Interest in a Share of 5.50% Series L Non-Cumulative Perpetual Preferred Stock,38791762618.0,large,Finance,Major Banks,2026-09-27
NTAP,NetApp Inc. Common Stock,38741684546.0,large,Technology,Electronic Components,2026-09-27
SYY,Sysco Corporation Common Stock,38462752532.0,large,Consumer Discretionary,Food Distributors,2026-09-27
CCJ,Cameco Corporation Common Stock,38379166021.0,large,Basic Materials,Other Metals and Minerals,2026-09-27
VOD,Vodafone Group Plc American Depositary Shares,38162742936.0,large,Telecommunications,Telecommunications Equipment,2026-09-27
ED,Consolidated Edison Inc. Common Stock,37985098895.0,large,Utilities,Power Generation,2026-09-27
TTWO,Take-Two Interactive Software Inc. Common Stock,37953290320.0,large,Technology,Computer Software: Prepackaged Software,2026-09-27
BBD,Banco Bradesco Sa American Depositary Shares,37805956497.0,large,Finance,Major Banks,2026-09-27
SHG,Shinhan Financial Group Co Ltd American Depositary Shares,37777740592.0,large,Finance,Major Banks,2026-09-27
STRC,Strategy Inc Variable Rate Series A Perpetual Stretch Preferred Stock,37773233581.0,large,Technology,Computer Software: Prepackaged Software,2026-09-27
YUM,Yum! Brands Inc.,37480235014.0,large,Consumer Discretionary,Restaurants,2026-09-27
CRDO,Credo Technology Group Holding Ltd Ordinary Shares,36832937370.0,large,Technology,Semiconductors,2026-09-27
BTSGU,BrightSpring Health Services Inc. Tangible Equity Unit,36527717531.0,large,Health Care,Medical/Nursing Services,2026-09-27
ODFL,Old Dominion Freight Line Inc. Common Stock,36272893886.0,large,Industrials,Trucking Freight/Courier Services,2026-09-27
PAYX,Paychex Inc. Common Stock,36164056252.0,large,Industrials,Diversified Commercial Services,2026-09-27
AXON,Axon Enterprise Inc. Common Stock,36150649675.0,large,Industrials,Ordnance And Accessories,2026-09-27
BAP,Credicorp Ltd. Common Stock,36149371234.0,large,Finance,Commercial Banks,2026-09-27
OKTA,Okta Inc. Class A Common Stock,36124996562.0,large,Technology,Computer Software: Prepackaged Software,2026-09-27
UAL,United Airlines Holdings Inc. Common Stock,36090469609.0,large,Consumer Discretionary,Air Freight/Delivery Services,2026-09-27
ROP,Roper Technologies Inc. Common Stock,36001896153.0,large,Industrials,Industrial Machinery/Components,2026-09-27
JD,JD.com Inc. American Depositary Shares,35952000000.0,large,Consumer Discretionary,Other Specialty Stores,2026-09-27
CHT,Chunghwa Telecom Co. Ltd.,35738556210.0,large,Telecommunications,Telecommunications Equipment,2026-09-27
GFI,Gold Fields Limited American Depositary Shares,35711467455.0,large,Basic Materials,Precious Metals,2026-09-27
NTR,Nutrien Ltd. Common Shares,35645926753.0,large,Industrials,Agricultural Chemicals,2026-09-27
VIK,Viking Holdings Ltd Ordinary Shares,35448905821.0,large,Consumer Discretionary,Marine Transportation,2026-09-27
TKO,TKO Group Holdings Inc. Class A Common Stock,35026253088.0,large,Consumer Discretionary,Services-Misc. Amusement & Recreation,2026-09-27
ZS,Zscaler Inc. Common Stock,34998060379.0,large,Technology,EDP Services,2026-09-27
RBLX,Roblox Corporation Class A Common Stock,34882977199.0,large,Technology,Computer Software: Prepackaged Software,2026-09-27
KR,Kroger Company (The) Common Stock,34797486204.0,large,Consumer Staples,Food Chains,2026-09-27
MCHPP,Microchip Technology Incorporated Depositary Shares Each Representing a 1/20th Interest in a Share of 7.50% Series A Mandatory Convertible Preferred Stock,34795996919.0,large,Technology,Semiconductors,2026-09-27
EL,Estee Lauder Companies Inc. (The) Common Stock,34504729335.0,large,Consumer Discretionary,Package Goods/Cosmetics,2026-09-27
BBDO,Banco Bradesco Sa American Depositary Shares (each representing one Common Share),34450398228.0,large,Finance,Major Banks,2026-09-27
ESLT,Elbit Systems Ltd. Ordinary Shares,34403587919.0,large,Industrials,Military/Government/Technical,2026-09-27
UI,Ubiquiti Inc. Common Stock,34084136625.0,large,Technology,Radio And Television Broadcasting And Communications Equipment,2026-09-27
HIG,The Hartford Insurance Group Inc. Common Stock,34045901931.0,large,Finance,Property-Casualty Insurers,2026-09-27
IRM,Iron Mountain Incorporated (Delaware)Common Stock REIT,33964913821.0,large,Real Estate,Real Estate Investment Trusts,2026-09-27
MDB,MongoDB Inc. Class A Common Stock,33946442097.0,large,Technology,Computer Software: Prepackaged Software,2026-09-27
KVUE,Kenvue Inc. Common Stock,33824820754.0,large,Consumer Discretionary,Package Goods/Cosmetics,2026-09-27
RKT,Rocket Companies Inc. Class A Common Stock,33781494083.0,large,Finance,Finance: Consumer Services,2026-09-27
STLD,Steel Dynamics Inc.,33710766298.0,large,Industrials,Steel/Iron Ore,2026-09-27
EC,Ecopetrol S.A. American Depositary Shares,33654014612.0,large,Energy,Oil & Gas Production,2026-09-27
HSY,The Hershey Company Common Stock,33530473640.0,large,Consumer Staples,Specialty Foods,2026-09-27
RPRX,Royalty Pharma plc Class A Ordinary Shares ,33516820181.0,large,Health Care,Biotechnology: Pharmaceutical Preparations,2026-09-27
BIIB,Biogen Inc. Common Stock,33445594987.0,large,Health Care,Biotechnology: Biological Products (No Diagnostic Substances),2026-09-27
ALNY,Alnylam Pharmaceuticals Inc. Common Stock,33397417762.0,large,Health Care,Biotechnology: Pharmaceutical Preparations,2026-09-27
PPLC,PPL Corporation Corporate Units,33337736456.0,large,Utilities,Electric Utilities: Central,2026-09-27
PEG,Public Service Enterprise Group Incorporated Common Stock,33174837197.0,large,Utilities,Power Generation,2026-09-27
EME,EMCOR Group Inc. Common Stock,33168881156.0,large,Industrials,Engineering & Construction,2026-09-27
VG,Venture Global Inc. Class A common stock,33076228419.0,large,Utilities,Oil/Gas Transmission,2026-09-27
PCG,Pacific Gas & Electric Co. Common Stock,33018961311.0,large,Utilities,Power Generation,2026-09-27
DXCM,DexCom Inc. Common Stock,33007746115.0,large,Health Care,Medical/Dental Instruments,2026-09-27
WEC,WEC Energy Group Inc. Common Stock,32878202745.0,large,Utilities,Power Generation,2026-09-27
HBANP,Huntington Bancshares Incorporated Depositary Shares 4.500% Series H Non-Cumulative Perpetual Preferred Stock,32831740923.0,large,Finance,Major Banks,2026-09-27
TECK,Teck Resources Ltd Ordinary Shares,32559493623.0,large,Industrials,Mining & Quarrying of Nonmetallic Minerals (No Fuels),2026-09-27
JBL,Jabil Inc. Common Stock,32556300681.0,large,Technology,Electrical Products,2026-09-27
EQT,EQT Corporation Common Stock,32445514920.0,large,Energy,Oil & Gas Production,2026-09-27
ACGL,Arch Capital Group Ltd. Common Stock,32423591553.0,large,Finance,Property-Casualty Insurers,2026-09-27
KMB,Kimberly-Clark Corporation Common Stock,32333334074.0,large,Consumer Discretionary,Containers/Packaging,2026-09-27
ALC,Alcon Inc. Ordinary Shares,32260632000.0,large,Health Care,Ophthalmic Goods,2026-09-27
QSR,Restaurant Brands International Inc. Common Shares,32229225603.0,large,Consumer Discretionary,Restaurants,2026-09-27
ERIC,Ericsson American Depositary Shares,32061555000.0,large,Technology,Radio And Television Broadcasting And Communications Equipment,2026-09-27
RMD,ResMed Inc. Common Stock,32008144178.0,large,Health Care,Medical/Dental Instruments,2026-09-27
NTRS,Northern Trust Corporation Common Stock,31925761449.0,large,Finance,Major Banks,2026-09-27
PUK,Prudential Public Limited Company Common Stock,31619884947.0,large,Finance,Life Insurance,2026-09-27
MTB,M&T Bank Corporation Common Stock,31578059849.0,large,Finance,Major Banks,2026-09-27
VMC,Vulcan Materials Company (Holding Company) Common Stock,31319181216.0,large,Industrials,Mining & Quarrying of Nonmetallic Minerals (No Fuels),2026-09-27
HBAN,Huntington Bancshares Incorporated Common Stock,30932550986.0,large,Finance,Major Banks,2026-09-27
CQP,Cheniere Energy Partners LP Common Units,30805432283.0,large,Utilities,Oil/Gas Transmission,2026-09-27
CNC,Centene Corporation Common Stock,30588170400.0,large,Health Care,Medical Specialities,2026-09-27
RJF,Raymond James Financial Inc. Common Stock,30539345238.0,large,Finance,Investment Bankers/Brokers/Service,2026-09-27
AGNCN,AGNC Investment Corp. Depositary Shares Each Representing a 1/1000th Interest in a Share of 7.00% Series C Fixed-To-Floating Rate Cumulative Redeemable Preferred Stock,30490582817.0,large,Real Estate,Real Estate Investment Trusts,2026-09-27
MTD,Mettler-Toledo International Inc. Common Stock,30438538605.0,large,Industrials,Biotechnology: Laboratory Analytical Instruments,2026-09-27
AGNCO,AGNC Investment Corp. Depositary Shares each representing a 1/1000th interest in a share of 6.50% Series E Fixed-to-Floating Cumulative Redeemable Preferred Stock,30360772598.0,large,Real Estate,Real Estate Investment Trusts,2026-09-27
AGNCL,AGNC Investment Corp. Depositary Shares Each Representing a 1/1000th Interest in a Share of 7.75% Series G Fixed-Rate Reset Cumulative Redeemable Preferred Stock,30087519125.0,large,Real Estate,Real Estate Investment Trusts,2026-09-27
GEHC,GE HealthCare Technologies Inc. Common Stock ,29982933408.0,large,Health Care,Medical Electronics,2026-09-27
BIDU,Baidu Inc. ADS,29969454205.0,large,Technology,Computer Software: Programming Data Processing,2026-09-27
EXPE,Expedia Group Inc. Common Stock,29969299469.0,large,Consumer Discretionary,Transportation Services,2026-09-27
CBOE,Cboe Global Markets Inc. Common Stock,29919342938.0,large,Finance,Investment Bankers/Brokers/Service,2026-09-27
AGNCP,AGNC Investment Corp. Depositary Shares Each Representing a 1/1000th Interest in a Share of 6.125% Series F Fixed-to-Floating Rate Cumulative Redeemable Preferred Stock,29897842093.0,large,Real Estate,Real Estate Investment Trusts,2026-09-27
CCL,Carnival Corporation Ltd. Common Shares,29844654303.0,large,Consumer Discretionary,Marine Transportation,2026-09-27
AGNCM,AGNC Investment Corp. Depositary Shares rep 6.875% Series D Fixed-to-Floating Cumulative Redeemable Preferred Stock,29827068851.0,large,Real Estate,Real Estate Investment Trusts,2026-09-27
SUNB,Sunbelt Rentals Holdings Inc. Common Stock,29806298608.0,large,Consumer Discretionary,Diversified Commercial Services,2026-09-27
AGNCZ,AGNC Investment Corp. Depositary Shares Each Representing a 1/1000th Interest in a Share of 8.75% Series H Fixed-Rate Cumulative Redeemable Preferred Stock,29791148763.0,large,Real Estate,Real Estate Investment Trusts,2026-09-27
TS,Tenaris S.A. American Depositary Shares,29585684496.0,large,Industrials,Steel/Iron Ore,2026-09-27
RDDT,Reddit Inc. Class A Common Stock,29382795007.0,large,Technology,EDP Services,2026-09-27
KGC,Kinross Gold Corporation Common Stock,29159922000.0,large,Basic Materials,Precious Metals,2026-09-27
ZTS,Zoetis Inc. Class A Common Stock,29037222513.0,large,Health Care,Biotechnology: Pharmaceutical Preparations,2026-09-27
IR,Ingersoll Rand Inc. Common Stock,29014597301.0,large,Industrials,Industrial Machinery/Components,2026-09-27
MLM,Martin Marietta Materials Inc. Common Stock,28837609304.0,large,Industrials,Mining & Quarrying of Nonmetallic Minerals (No Fuels),2026-09-27
CCI,Crown Castle Inc. Common Stock,28773551340.0,large,Real Estate,Real Estate Investment Trusts,2026-09-27
ON,ON Semiconductor Corporation Common Stock,28478656541.0,large,Technology,Semiconductors,2026-09-27
RYAAY,Ryanair Holdings plc American Depositary Shares,28437673958.0,large,Consumer Discretionary,Air Freight/Delivery Services,2026-09-27
TDY,Teledyne Technologies Incorporated Common Stock,28370598989.0,large,Industrials,Industrial Machinery/Components,2026-09-27
NMR,Nomura Holdings Inc ADR American Depositary Shares,28346064678.0,large,Finance,Investment Bankers/Brokers/Service,2026-09-27
KHC,The Kraft Heinz Company Common Stock,28293754866.0,large,Consumer Staples,Packaged Foods,2026-09-27
STRK,Strategy Inc 8.00% Series A Perpetual Strike Preferred Stock,28275173016.0,large,Technology,Computer Software: Prepackaged Software,2026-09-27
HPQ,HP Inc. Common Stock,28081770775.0,large,Technology,Computer Manufacturing,2026-09-27
EXR,Extra Space Storage Inc Common Stock,27936173654.0,large,Real Estate,Real Estate Investment Trusts,2026-09-27
FTI,TechnipFMC plc Ordinary Share,27824063329.0,large,Consumer Discretionary,Oil and Gas Field Machinery,2026-09-27
STRD,Strategy Inc 10.00% Series A Perpetual Stride Preferred Stock,27702676647.0,large,Technology,Computer Software: Prepackaged Software,2026-09-27
AEE,Ameren Corporation Common Stock,27462850499.0,large,Utilities,Power Generation,2026-09-27
HAL,Halliburton Company Common Stock,27293350823.0,large,Energy,Oilfield Services/Equipment,2026-09-27
SMCI,Super Micro Computer Inc. Common Stock,27270633090.0,large,Technology,Computer Manufacturing,2026-09-27
WTW,Willis Towers Watson Public Limited Company Ordinary Shares,27269986861.0,large,Finance,Specialty Insurers,2026-09-27
CFG,Citizens Financial Group Inc. Common Stock,27262773487.0,large,Finance,Major Banks,2026-09-27
FTS,Fortis Inc. Common Shares,27118572000.0,large,Utilities,Electric Utilities: Central,2026-09-27
DG,Dollar General Corporation Common Stock,27032175279.0,large,Consumer Discretionary,Department/Specialty Retail Stores,2026-09-27
WSM,Williams-Sonoma Inc. Common Stock (DE),26931385698.0,large,Consumer Discretionary,Home Furnishings,2026-09-27
FOXA,Fox Corporation Class A Common Stock,26919644028.0,large,Industrials,Broadcasting,2026-09-27
SYM,Symbotic Inc. Class A Common Stock,26635467220.0,large,Industrials,Industrial Machinery/Components,2026-09-27
SYF,Synchrony Financial Common Stock,26620717559.0,large,Finance,Finance: Consumer Services,2026-09-27
INSM,Insmed Incorporated Common Stock,26544271690.0,large,Health Care,Biotechnology: Pharmaceutical Preparations,2026-09-27
ATO,Atmos Energy Corporation Common Stock,26433189460.0,large,Utilities,Oil/Gas Transmission,2026-09-27
PBA,Pembina Pipeline Corp. Ordinary Shares (Canada),26425859200.0,large,Energy,Oil & Gas Production,2026-09-27
NVT,nVent Electric plc Ordinary Shares ,26363421104.0,large,Industrials,Industrial Machinery/Components,2026-09-27
ZM,Zoom Communications Inc. Class A Common Stock,26362658289.0,large,Technology,Computer Software: Programming Data Processing,2026-09-27
VRSN,VeriSign Inc. Common Stock,26356764000.0,large,Technology,EDP Services,2026-09-27
WST,West Pharmaceutical Services Inc. Common Stock,26292384683.0,large,Health Care,Medical/Dental Instruments,2026-09-27
CPAY,Corpay Inc. Common Stock,26284850672.0,large,Consumer Discretionary,Business Services,2026-09-27
ECHO,EchoStar  Corporation Common Stock,26283935981.0,large,Consumer Discretionary,Telecommunications Equipment,2026-09-27
GFS,GlobalFoundries Inc. Ordinary Shares,26226545271.0,large,Technology,Semiconductors,2026-09-27
AWK,American Water Works Company Inc. Common Stock,26138823923.0,large,Utilities,Water Supply,2026-09-27
DGX,Quest Diagnostics Incorporated Common Stock,26113233242.0,large,Health Care,Medical Specialities,2026-09-27
ROIV,Roivant Sciences Ltd. Common Shares,26097530532.0,large,Health Care,Biotechnology: Pharmaceutical Preparations,2026-09-27
CPRT,Copart Inc. (DE) Common Stock,25959753955.0,large,Consumer Discretionary,Retail-Auto Dealers and Gas Stations,2026-09-27
CTSH,Cognizant Technology Solutions Corporation Class A Common Stock,25751895429.0,large,Technology,EDP Services,2026-09-27
VICI,VICI Properties Inc. Common Stock,25622074868.0,large,Real Estate,Real Estate Investment Trusts,2026-09-27
Q,Qnity Electronics Inc. Common Stock,25588296894.0,large,Technology,Semiconductors,2026-09-27
OTIS,Otis Worldwide Corporation Common Stock ,25383031525.0,large,Technology,Consumer Electronics/Appliances,2026-09-27
ATI,ATI Inc. Common Stock,25356287018.0,large,Industrials,Steel/Iron Ore,2026-09-27
DOV,Dover Corporation Common Stock,25305067475.0,large,Industrials,Industrial Machinery/Components,2026-09-27
FFIV,F5 Inc. Common Stock,25286868122.0,large,Telecommunications,Computer Communications Equipment,2026-09-27
INCY,Incyte Corp. Common Stock,25223707512.0,large,Health Care,Biotechnology: Commercial Physical & Biological Resarch,2026-09-27
DTE,DTE Energy Company Common Stock,25216112201.0,large,Utilities,Electric Utilities: Central,2026-09-27
TCOM,Trip.com Group Limited American Depositary Shares,25213397089.0,large,Consumer Discretionary,Business Services,2026-09-27
LH,Labcorp Holdings Inc. Common Stock,25055845000.0,large,Health Care,Medical Specialities,2026-09-27
LVS,Las Vegas Sands Corp. Common Stock,25033650762.0,large,Consumer Discretionary,Hotels/Resorts,2026-09-27
FE,FirstEnergy Corp. Common Stock,24991458663.0,large,Utilities,Electric Utilities: Central,2026-09-27
WRB,W.R. Berkley Corporation Common Stock,24979900426.0,large,Finance,Property-Casualty Insurers,2026-09-27
CPNG,Coupang Inc. Class A Common Stock,24949462424.0,large,Consumer Discretionary,Catalog/Specialty Distribution,2026-09-27
BNTX,BioNTech SE American Depositary Share,24934545369.0,large,Health Care,Biotechnology: Biological Products (No Diagnostic Substances),2026-09-27
SN,SharkNinja Inc. Ordinary Shares,24925812411.0,large,Consumer Discretionary,Consumer Electronics/Appliances,2026-09-27
CINF,Cincinnati Financial Corporation Common Stock,24914091045.0,large,Finance,Property-Casualty Insurers,2026-09-27
HUBB,Hubbell Inc Common Stock,24613638177.0,large,Technology,Electrical Products,2026-09-27
TSEM,Tower Semiconductor Ltd. Ordinary Shares,24559375680.0,large,Technology,Semiconductors,2026-09-27
FISV,Fiserv Inc. Common Stock,24450633832.0,large,Consumer Discretionary,Business Services,2026-09-27
PFG,Principal Financial Group Inc Common Stock,24440044770.0,large,Finance,Accident &Health Insurance,2026-09-27
CNP,CenterPoint Energy Inc (Holding Co) Common Stock,24254081004.0,large,Utilities,Electric Utilities: Central,2026-09-27
AFRM,Affirm Holdings Inc. Class A Common Stock,24149239292.0,large,Finance,Finance: Consumer Services,2026-09-27
PHG,Koninklijke Philips N.V. NY Registry Shares,24129821521.0,large,Health Care,Medical Electronics,2026-09-27
SW,Smurfit WestRock plc Ordinary Shares,24128053768.0,large,Consumer Discretionary,Containers/Packaging,2026-09-27
FOX,Fox Corporation Class B Common Stock,24119731178.0,large,Industrials,Broadcasting,2026-09-27
PPL,PPL Corporation Common Stock,24058858567.0,large,Utilities,Electric Utilities: Central,2026-09-27
ES,Eversource Energy (D/B/A) Common Stock,24031849305.0,large,Utilities,Electric Utilities: Central,2026-09-27
XYL,Xylem Inc. Common Stock New,23969756120.0,large,Industrials,Fluid Controls,2026-09-27
EXPD,Expeditors International of Washington Inc. Common Stock,23874077637.0,large,Industrials,Integrated Freight & Logistics,2026-09-27
LPLA,LPL Financial Holdings Inc. Common Stock,23840015720.0,large,Finance,Investment Bankers/Brokers/Service,2026-09-27
FWONK,Liberty Media Corporation Series C Common Stock,23837362754.0,large,Industrials,Broadcasting,2026-09-27
ASTS,AST SpaceMobile Inc. Class A Common Stock,23762567184.0,large,Consumer Discretionary,Telecommunications Equipment,2026-09-27
GH,Guardant Health Inc. Common Stock,23678914197.0,large,Health Care,Medical Specialities,2026-09-27
TW,Tradeweb Markets Inc. Class A Common Stock,23667278136.0,large,Finance,Investment Bankers/Brokers/Service,2026-09-27
DRI,Darden Restaurants Inc. Common Stock,23641518296.0,large,Consumer Discretionary,Restaurants,2026-09-27
PPG,PPG Industries Inc. Common Stock,23634936000.0,large,Consumer Discretionary,Paints/Coatings,2026-09-27
CRCL,Circle Internet Group Inc. Class A Common Stock,23610456933.0,large,Finance,Finance: Consumer Services,2026-09-27
RBRK,Rubrik Inc. Class A Common Stock,23591244475.0,large,Technology,Computer Software: Prepackaged Software,2026-09-27
ULTA,Ulta Beauty Inc. Common Stock,23464444935.0,large,Consumer Discretionary,Other Specialty Stores,2026-09-27
VLTO,Veralto Corp Common Stock ,23452919693.0,large,Industrials,Electrical Products,2026-09-27
TPL,Texas Pacific Land Corporation Common Stock,23330686525.0,large,Energy,Oil & Gas Production,2026-09-27
FCNCA,First Citizens BancShares Inc. Class A Common Stock,23228028010.0,large,Finance,Major Banks,2026-09-27
RF,Regions Financial Corporation Common Stock,23223598334.0,large,Finance,Major Banks,2026-09-27
IOT,Samsara Inc. Class A Common Stock,23025996818.0,large,Technology,EDP Services,2026-09-27
ROKU,Roku Inc. Class A Common Stock,22757080517.0,large,Telecommunications,Cable & Other Pay Television Services,2026-09-27
ENTG,Entegris Inc. Common Stock,22710664000.0,large,Industrials,Plastic Products,2026-09-27
CHD,Church & Dwight Company Inc. Common Stock,22612648454.0,large,Consumer Discretionary,Package Goods/Cosmetics,2026-09-27
BSP,Bending Spoons S.p.A. Ordinary Shares,22575561040.0,large,Technology,Computer Software: Programming Data Processing,2026-09-27
GPN,Global Payments Inc. Common Stock,22574594851.0,large,Consumer Discretionary,Business Services,2026-09-27
IHG,Intercontinental Hotels Group American Depositary Shares (Each representing one Ordinary Share),22502863985.0,large,Consumer Discretionary,Hotels/Resorts,2026-09-27
AER,AerCap Holdings N.V. Ordinary Shares,22457220052.0,large,Consumer Discretionary,Diversified Commercial Services,2026-09-27
CIB,Grupo Cibest S.A. American Depositary Shares each representing four Preferred Shares,22452971411.0,large,Finance,Commercial Banks,2026-09-27
BNH,Brookfield Finance Inc. 4.625% Subordinated Notes due October 16 2080,22390784915.0,large,Real Estate,Building operators,2026-09-27
TPR,Tapestry Inc. Common Stock,22355794937.0,large,Consumer Discretionary,Apparel,2026-09-27
TROW,T. Rowe Price Group Inc. Common Stock,22242443680.0,large,Finance,Investment Managers,2026-09-27
PHM,PulteGroup Inc. Common Stock,22153141177.0,large,Consumer Discretionary,Homebuilding,2026-09-27
RIVN,Rivian Automotive Inc. Class A Common Stock,22137789033.0,large,Industrials,Auto Manufacturing,2026-09-27
CASY,Casey's General Stores Inc. Common Stock,22133596008.0,large,Consumer Discretionary,Retail-Auto Dealers and Gas Stations,2026-09-27
VRSK,Verisk Analytics Inc. Common Stock,21950811424.0,large,Technology,EDP Services,2026-09-27
IFF,International Flavors & Fragrances Inc. Common Stock,21904624324.0,large,Industrials,Major Chemicals,2026-09-27
MTSI,MACOM Technology Solutions Holdings Inc. Common Stock,21761133079.0,large,Technology,Semiconductors,2026-09-27
FWONA,Liberty Media Corporation Series A Common Stock,21743946904.0,large,Industrials,Broadcasting,2026-09-27
SOFI,SoFi Technologies Inc. Common Stock  ,21698381443.0,large,Finance,Finance: Consumer Services,2026-09-27
BNJ,Brookfield Finance Inc. 4.50% Perpetual Subordinated Notes,21621808464.0,large,Real Estate,Building operators,2026-09-27
KEY,KeyCorp Common Stock,21609353219.0,large,Finance,Major Banks,2026-09-27
JBHT,J.B. Hunt Transport Services Inc. Common Stock,21520608272.0,large,Industrials,Trucking Freight/Courier Services,2026-09-27
MKL,Markel Group Inc. Common Stock,21499426820.0,large,Finance,Property-Casualty Insurers,2026-09-27
L,Loews Corporation Common Stock,21479220540.0,large,Finance,Property-Casualty Insurers,2026-09-27
ARXS,Arxis Inc. Class A Common Stock,21416435181.0,large,Industrials,Military/Government/Technical,2026-09-27
RGLD,Royal Gold Inc. Common Stock,21392936614.0,large,Industrials,Precious Metals,2026-09-27
DLTR,Dollar Tree Inc. Common Stock,21296038937.0,large,Consumer Discretionary,Department/Specialty Retail Stores,2026-09-27
PKG,Packaging Corporation of America Common Stock,21215195975.0,large,Consumer Discretionary,Containers/Packaging,2026-09-27
BG,Bunge Limited Common Shares,21173448546.0,large,Consumer Staples,Packaged Foods,2026-09-27
YPF,YPF Sociedad Anonima American Depositary Shares,21085498833.0,large,Energy,Integrated oil Companies,2026-09-27
RL,Ralph Lauren Corporation Common Stock,20964606615.0,large,Industrials,Garments and Clothing,2026-09-27
BCH,Banco De Chile ADS,20961044349.0,large,Finance,Commercial Banks,2026-09-27
PS,Pershing Square Inc. Common Stock,20912000000.0,large,Finance,Investment Managers,2026-09-27
SNX,TD SYNNEX Corporation Common Stock,20746897381.0,large,Technology,Retail: Computer Software & Peripheral Equipment,2026-09-27
DOW,Dow Inc. Common Stock ,20630050706.0,large,Industrials,Major Chemicals,2026-09-27
XPO,XPO Inc. Common Stock,20621268216.0,large,Consumer Discretionary,Transportation Services,2026-09-27
NRG,NRG Energy Inc. Common Stock,20569095762.0,large,Utilities,Electric Utilities: Central,2026-09-27
SOJC,Southern Company (The) Series 2017B 5.25% Junior Subordinated Notes due December 1 2077,20515884141.0,large,Utilities,Electric Utilities: Central,2026-09-27
EXE,Expand Energy Corporation Common Stock,20515865781.0,large,Energy,Oil & Gas Production,2026-09-27
OMC,Omnicom Group Inc. Common Stock,20493643735.0,large,Consumer Discretionary,Advertising,2026-09-27
AMRZ,Amrize Ltd Ordinary Shares,20362041726.0,large,Industrials,Building Materials,2026-09-27
STE,STERIS plc (Ireland) Ordinary Shares,20355097965.0,large,Health Care,Industrial Specialties,2026-09-27
LUV,Southwest Airlines Company Common Stock,20326600752.0,large,Consumer Discretionary,Air Freight/Delivery Services,2026-09-27
USFD,US Foods Holding Corp. Common Stock,20296148432.0,large,Consumer Discretionary,Food Distributors,2026-09-27
UTHR,United Therapeutics Corporation Common Stock,20253413669.0,large,Health Care,Biotechnology: Pharmaceutical Preparations,2026-09-27
EIX,Edison International Common Stock,20218126457.0,large,Utilities,Electric Utilities: Central,2026-09-27
BRO,Brown & Brown Inc. Common Stock,20187042838.0,large,Finance,Specialty Insurers,2026-09-27
AQNB,Algonquin Power & Utilities Corp. 6.20% Fixed-to-Floating Subordinated Notes Series 2019-A due July 1 2079,20106894526.0,large,Utilities,Electric Utilities: Central,2026-09-27
CW,Curtiss-Wright Corporation Common Stock,20100093769.0,large,Technology,Industrial Machinery/Components,2026-09-27
THC,Tenet Healthcare Corporation Common Stock,20092711260.0,large,Health Care,Hospital/Nursing Management,2026-09-27
VTRS,Viatris Inc. Common Stock,20008452851.0,large,Health Care,Biotechnology: Pharmaceutical Preparations,2026-09-27
BPYPM,Brookfield Property Partners L.P. 6.25% Class A Cumulative Redeemable Preferred Units Series 1,19943512782.0,large,Finance,Real Estate,2026-09-27
CRS,Carpenter Technology Corporation Common Stock,19865551181.0,large,Industrials,Steel/Iron Ore,2026-09-27
BCE,BCE Inc. Common Stock,19862799902.0,large,Telecommunications,Telecommunications Equipment,2026-09-27
PAAS,Pan American Silver Corp. Common Stock,19698501180.0,large,Basic Materials,Precious Metals,2026-09-27
RS,Reliance Inc. Common Stock,19695315682.0,large,Industrials,Metal Fabrications,2026-09-27
CMS,CMS Energy Corporation Common Stock,19683236827.0,large,Utilities,Power Generation,2026-09-27
LEN,Lennar Corporation Class A Common Stock,19625727219.0,large,Consumer Discretionary,Homebuilding,2026-09-27
SOJD,Southern Company (The) Series 2020A 4.95% Junior Subordinated Notes due January 30 2080,19525841474.0,large,Utilities,Electric Utilities: Central,2026-09-27
STZ,Constellation Brands Inc. Common Stock,19504604947.0,large,Consumer Staples,Beverages (Production/Distribution),2026-09-27
CDE,Coeur Mining Inc. Common Stock,19469088862.0,large,Basic Materials,Precious Metals,2026-09-27
AMCR,Amcor plc Ordinary Shares,19464753549.0,large,Consumer Discretionary,Miscellaneous manufacturing industries,2026-09-27
LYB,LyondellBasell Industries NV Ordinary Shares Class A (Netherlands),19440423951.0,large,Industrials,Major Chemicals,2026-09-27
SITM,SiTime Corporation Common Stock,19342893197.0,large,Technology,Semiconductors,2026-09-27
WWD,Woodward Inc. Common Stock,19241851822.0,large,Energy,Industrial Machinery/Components,2026-09-27
BEP,Brookfield Renewable Partners L.P. Limited Partnership Units,19229220783.0,large,Utilities,Electric Utilities: Central,2026-09-27
SQM,Sociedad Quimica y Minera S.A. Common Stock,19172009673.0,large,Industrials,Mining & Quarrying of Nonmetallic Minerals (No Fuels),2026-09-27
ITT,ITT Inc. Common Stock ,19128918000.0,large,Industrials,Fluid Controls,2026-09-27
BBY,Best Buy Co. Inc. Common Stock,19085220518.0,large,Consumer Discretionary,Consumer Electronics/Video Chains,2026-09-27
SNA,Snap-On Incorporated Common Stock,19020580766.0,large,Consumer Discretionary,Industrial Machinery/Components,2026-09-27
BEKE,KE Holdings Inc American Depositary Shares (each representing three Class A Ordinary Shares),18857028165.0,large,Finance,Real Estate,2026-09-27
DINO,HF Sinclair Corporation Common Stock,18807753386.0,large,Energy,Natural Gas Distribution,2026-09-27
GFL,GFL Environmental Inc. Subordinate voting shares no par value,18767068203.0,large,Utilities,Environmental Services,2026-09-27
NI,NiSource Inc Common Stock,18760391112.0,large,Utilities,Power Generation,2026-09-27
WES,Western Midstream Partners LP Common Units Representing Limited Partner Interests,18737467793.0,large,Utilities,Natural Gas Distribution,2026-09-27
WF,Woori Financial Group Inc. American Depositary Shares (each representing three (3) shares of Common Stock),18721904897.0,large,Finance,Commercial Banks,2026-09-27
VIV,Telefonica Brasil S.A. American Depositary Shares (Each representing One Common Share),18678319127.0,large,Telecommunications,Telecommunications Equipment,2026-09-27
GIS,General Mills Inc. Common Stock,18623153226.0,large,Consumer Staples,Packaged Foods,2026-09-27
NTNX,Nutanix Inc. Class A Common Stock,18558408578.0,large,Technology,Computer Software: Prepackaged Software,2026-09-27
BR,Broadridge Financial Solutions Inc. Common Stock,18546785663.0,large,Consumer Discretionary,Business Services,2026-09-27
FSLR,First Solar Inc. Common Stock,18501998702.0,large,Technology,Semiconductors,2026-09-27
FICO,Fair Isaac Corporation Common Stock,18497942425.0,large,Consumer Discretionary,Business Services,2026-09-27
IP,International Paper Company Common Stock,18471397938.0,large,Basic Materials,Paper,2026-09-27
SSNC,SS&C Technologies Holdings Inc. Common Stock,18420417186.0,large,Technology,Computer Software: Prepackaged Software,2026-09-27
BPYPP,Brookfield Property Partners L.P. 6.50% Class A Cumulative Redeemable Perpetual Preferred Units,18395227277.0,large,Finance,Real Estate,2026-09-27
ONON,On Holding AG Class A Ordinary Shares,18380510392.0,large,Consumer Discretionary,Shoe Manufacturing,2026-09-27
PR,Permian Resources Corporation Class A Common Stock,18300621084.0,large,Energy,Oil & Gas Production,2026-09-27
U,Unity Software Inc. Common Stock,18228483605.0,large,Technology,Computer Software: Prepackaged Software,2026-09-27
IREN,IREN Limited Ordinary Shares,18185806605.0,large,Finance,Finance: Consumer Services,2026-09-27
SBS,Companhia de saneamento Basico Do Estado De Sao Paulo - Sabesp American Depositary Shares (Each repstg 250 Common Shares),18151350229.0,large,Utilities,Water Supply,2026-09-27
PKX,POSCO HOLDINGS INC. American Depositary Shares (Each representing 1/4th of a share of Common Stock),18148405156.0,large,Industrials,Steel/Iron Ore,2026-09-27
FIS,Fidelity National Information Services Inc. Common Stock,18044550036.0,large,Consumer Discretionary,Business Services,2026-09-27
BPYPO,Brookfield Property Partners L.P. 6.375% Class A Cumulative Redeemable Perpetual Preferred Units Series 2,18023485154.0,large,Finance,Real Estate,2026-09-27
NDSN,Nordson Corporation Common Stock,18005377053.0,large,Industrials,Industrial Machinery/Components,2026-09-27
TSN,Tyson Foods Inc. Common Stock,17991129324.0,large,Consumer Staples,Meat/Poultry/Fish,2026-09-27
FTAI,FTAI Aviation Ltd. Common Stock,17925468592.0,large,Industrials,Misc Corporate Leasing Services,2026-09-27
CF,CF Industries Holdings Inc. Common Stock,17924488117.0,large,Industrials,Agricultural Chemicals,2026-09-27
EVRG,Evergy Inc. Common Stock,17905846578.0,large,Utilities,Power Generation,2026-09-27
GPC,Genuine Parts Company Common Stock,17819752319.0,large,Consumer Discretionary,Automotive Aftermarket,2026-09-27
SBAC,SBA Communications Corporation Class A Common Stock,17623356833.0,large,Real Estate,Real Estate Investment Trusts,2026-09-27
WCC,WESCO International Inc. Common Stock,17608642136.0,large,Consumer Discretionary,Telecommunications Equipment,2026-09-27
DD,DuPont de Nemours Inc. Common Stock,17585296205.0,large,Industrials,Major Chemicals,2026-09-27
KSPI,Joint Stock Company Kaspi.kz American Depository Shares,17568252217.0,large,,,2026-09-27
SOJE,Southern Company (The) Series 2020C 4.20% Junior Subordinated Notes due October 15 2060,17491160477.0,large,Utilities,Electric Utilities: Central,2026-09-27
EFX,Equifax Inc. Common Stock,17481752525.0,large,Finance,Finance: Consumer Services,2026-09-27
ESS,Essex Property Trust Inc. Common Stock,17458521454.0,large,Real Estate,Real Estate Investment Trusts,2026-09-27
MKSI,MKS Inc. Common Stock,17443977613.0,large,Industrials,Industrial Machinery/Components,2026-09-27
CDW,CDW Corporation Common Stock,17434930230.0,large,Consumer Discretionary,Catalog/Specialty Distribution,2026-09-27
RCI,Rogers Communication Inc. Common Stock,17427635208.0,large,Telecommunications,Cable & Other Pay Television Services,2026-09-27
TOST,Toast Inc. Class A Common Stock,17403580000.0,large,Technology,EDP Services,2026-09-27
PAA,Plains All American Pipeline L.P. Common Units representing Limited Partner Interests,17385157574.0,large,Energy,Natural Gas Distribution,2026-09-27
LSCC,Lattice Semiconductor Corporation Common Stock,17358939844.0,large,Technology,Semiconductors,2026-09-27
MEDP,Medpace Holdings Inc. Common Stock,17321693976.0,large,Health Care,Biotechnology: Commercial Physical & Biological Resarch,2026-09-27
ZBRA,Zebra Technologies Corporation Class A Common Stock,17273121966.0,large,Industrials,Industrial Machinery/Components,2026-09-27
EWBC,East West Bancorp Inc. Common Stock,17211429351.0,large,Finance,Major Banks,2026-09-27
IONQ,IonQ Inc. Common Stock,17137484084.0,large,Technology,EDP Services,2026-09-27
ZBH,Zimmer Biomet Holdings Inc. Common Stock,17107263326.0,large,Health Care,Industrial Specialties,2026-09-27
OVV,Ovintiv Inc. (DE),17106177000.0,large,Energy,Oil & Gas Production,2026-09-27
CHRW,C.H. Robinson Worldwide Inc. Common Stock,17083653920.0,large,Industrials,Integrated Freight & Logistics,2026-09-27
NWS,News Corporation Class B Common Stock,17056475855.0,large,Consumer Discretionary,Newspapers/Magazines,2026-09-27
MTZ,MasTec Inc. Common Stock,17020633729.0,large,Industrials,Water Sewer Pipeline Comm & Power Line Construction,2026-09-27
FDXF,FedEx Freight Holding Company Inc. Common Stock,17016658717.0,large,Consumer Discretionary,Air Freight/Delivery Services,2026-09-27
DT,Dynatrace Inc. Common Stock,16958644871.0,large,Technology,Computer Software: Prepackaged Software,2026-09-27
BMNR,BitMine Immersion Technologies Inc. Common Stock,16908435824.0,large,Finance,Finance: Consumer Services,2026-09-27
IEX,IDEX Corporation Common Stock,16844996236.0,large,Industrials,Fluid Controls,2026-09-27
AEG,Aegon Ltd. New York Registry Shares,16817853993.0,large,Finance,Life Insurance,2026-09-27
RVTY,Revvity Inc. Common Stock,16813838903.0,large,Industrials,Biotechnology: Laboratory Analytical Instruments,2026-09-27
FTV,Fortive Corporation Common Stock ,16743825363.0,large,Industrials,Industrial Machinery/Components,2026-09-27
CLH,Clean Harbors Inc. Common Stock,16684465475.0,large,Industrials,Environmental Services,2026-09-27
DOCN,DigitalOcean Holdings Inc. Common Stock,16645736894.0,large,Technology,Computer Software: Programming Data Processing,2026-09-27
NVR,NVR Inc. Common Stock,16616707881.0,large,Consumer Discretionary,Homebuilding,2026-09-27
BEN,Franklin Templeton Inc. Common Stock,16537903421.0,large,Finance,Investment Managers,2026-09-27
MGA,Magna International Inc. Common Stock,16516569408.0,large,Consumer Discretionary,Auto Parts:O.E.M.,2026-09-27
TPG,TPG Inc. Class A Common Stock,16488595761.0,large,Finance,Investment Managers,2026-09-27
CNH,CNH Industrial N.V. Common Shares,16437000722.0,large,Industrials,Construction/Ag Equipment/Trucks,2026-09-27
LNT,Alliant Energy Corporation Common Stock,16415314294.0,large,Utilities,Power Generation,2026-09-27
TSCO,Tractor Supply Company Common Stock,16381501907.0,large,Consumer Discretionary,RETAIL: Building Materials,2026-09-27
BPYPN,Brookfield Property Partners L.P. 5.750% Class A Cumulative Redeemable Perpetual Preferred Units Series 3,16351203026.0,large,Finance,Real Estate,2026-09-27
APG,APi Group Corporation Common Stock,16348624036.0,large,Consumer Discretionary,Diversified Commercial Services,2026-09-27
SMTC,Semtech Corporation Common Stock,16285321737.0,large,Technology,Semiconductors,2026-09-27
WIT,Wipro Limited Common Stock,16241821667.0,large,Technology,EDP Services,2026-09-27
RGA,Reinsurance Group of America Incorporated Common Stock,16025681608.0,large,Finance,Life Insurance,2026-09-27
BURL,Burlington Stores Inc. Common Stock,16007196142.0,large,Consumer Discretionary,Department/Specialty Retail Stores,2026-09-27
RBC,RBC Bearings Incorporated Common Stock,15951510593.0,large,Industrials,Metal Fabrications,2026-09-27
BSAC,Banco Santander - Chile ADS,15914275408.0,large,Finance,Commercial Banks,2026-09-27
AKAM,Akamai Technologies Inc. Common Stock,15867750800.0,large,Consumer Discretionary,Business Services,2026-09-27
DUKB,Duke Energy Corporation 5.625% Junior Subordinated Debentures due 2078,15843548562.0,large,Utilities,Power Generation,2026-09-27
J,Jacobs Solutions Inc. Common Stock,15838835227.0,large,Industrials,Military/Government/Technical,2026-09-27
GIB,CGI Inc. Common Stock,15800874281.0,large,Consumer Discretionary,Professional Services,2026-09-27
BIP,Brookfield Infrastructure Partners LP Limited Partnership Units,15763687277.0,large,Consumer Discretionary,Marine Transportation,2026-09-27
STRL,Sterling Infrastructure Inc. Common Stock,15713933467.0,large,Industrials,Military/Government/Technical,2026-09-27
INVH,Invitation Homes Inc. Common Stock,15651515489.0,large,Finance,Real Estate,2026-09-27
SUN,Sunoco LP Common Units representing limited partner interests,15531851617.0,large,Energy,Integrated oil Companies,2026-09-27
NLY,Annaly Capital Management Inc. Common Stock,15526517505.0,large,Real Estate,Real Estate Investment Trusts,2026-09-27
LDOS,Leidos Holdings Inc. Common Stock,15479463980.0,large,Technology,EDP Services,2026-09-27
NWSA,News Corporation Class A Common Stock,15370284325.0,large,Consumer Discretionary,Newspapers/Magazines,2026-09-27
JAZZ,Jazz Pharmaceuticals plc Common Stock (Ireland),15338016254.0,large,Health Care,Biotechnology: Pharmaceutical Preparations,2026-09-27
FUTU,Futu Holdings Limited American Depositary Shares,15316116602.0,large,Finance,Investment Bankers/Brokers/Service,2026-09-27
APA,APA Corporation Common Stock,15303353957.0,large,Energy,Oil & Gas Production,2026-09-27
TIGO,Millicom International Cellular S.A. Common Stock,15246215439.0,large,Telecommunications,Telecommunications Equipment,2026-09-27
HST,Host Hotels & Resorts Inc. Common Stock,15216612902.0,large,Real Estate,Real Estate Investment Trusts,2026-09-27
CRBG,Corebridge Financial Inc. Common Stock,15196385275.0,large,Finance,Life Insurance,2026-09-27
JHX,James Hardie Industries plc. Ordinary Shares,15151636937.0,large,Industrials,Building Materials,2026-09-27
ASND,Ascendis Pharma A/S Ordinary Share,15150826619.0,large,Health Care,Biotechnology: Pharmaceutical Preparations,2026-09-27
SOLV,Solventum Corporation Common Stock,15080120152.0,large,Health Care,Medical/Dental Instruments,2026-09-27
WPC,W. P. Carey Inc. REIT,15024523170.0,large,Real Estate,Real Estate Investment Trusts,2026-09-27
BALL,Ball Corporation Common Stock,14998092208.0,large,Industrials,Containers/Packaging,2026-09-27
ZTO,ZTO Express (Cayman) Inc. American Depositary Shares each representing one Class A ordinary share.,14989966493.0,large,Industrials,Trucking Freight/Courier Services,2026-09-27
H,Hyatt Hotels Corporation Class A Common Stock,14980880607.0,large,Consumer Discretionary,Hotels/Resorts,2026-09-27
RBA,RB Global Inc. Common Stock,14969500037.0,large,Consumer Discretionary,Business Services,2026-09-27
VNOM,Viper Energy Inc. Class A Common Stock,14956875345.0,large,Energy,Oil & Gas Production,2026-09-27
TEM,Tempus AI Inc. Class A Common Stock,14931178187.0,large,Technology,Computer Software: Programming Data Processing,2026-09-27
AS,Amer Sports Inc. Ordinary Shares,14928755950.0,large,Consumer Discretionary,Apparel,2026-09-27
KIM,Kimco Realty Corporation (HC) Common Stock,14925063549.0,large,Real Estate,Real Estate Investment Trusts,2026-09-27
PTC,PTC Inc. Common Stock,14909845324.0,large,Technology,Computer Software: Prepackaged Software,2026-09-27
JLL,Jones Lang LaSalle Incorporated Common Stock,14866188617.0,large,Finance,Real Estate,2026-09-27
LTM,LATAM Airlines Group S.A. American Depositary Shares (each representing two thousand (2000) shares of Common Stock),14831998867.0,large,Consumer Discretionary,Air Freight/Delivery Services,2026-09-27
EMA,Emera Incorporated Common Shares,14671872000.0,large,Utilities,Electric Utilities: Central,2026-09-27
ROL,Rollins Inc. Common Stock,14626820282.0,large,Consumer Discretionary,Diversified Commercial Services,2026-09-27
LAMR,Lamar Advertising Company Class A Common Stock,14593705088.0,large,Real Estate,Real Estate Investment Trusts,2026-09-27
LECO,Lincoln Electric Holdings Inc. Common Shares,14520333665.0,large,Industrials,Industrial Machinery/Components,2026-09-27
WY,Weyerhaeuser Company Common Stock,14515623040.0,large,Real Estate,Real Estate Investment Trusts,2026-09-27
UNM,Unum Group Common Stock,14423332366.0,large,Finance,Accident &Health Insurance,2026-09-27
OWL,Blue Owl Capital Inc. Class A Common Stock,14421603063.0,large,Finance,Investment Managers,2026-09-27
CX,Cemex S.A.B. de C.V. Sponsored ADR,14416362254.0,large,Industrials,Building Materials,2026-09-27
APOS,Apollo Global Management Inc. 7.625% Fixed-Rate Resettable Junior Subordinated Notes due 2053,14403521714.0,large,Finance,Investment Managers,2026-09-27
TLN,Talen Energy Corporation Common Stock,14374756843.0,large,Utilities,Electric Utilities: Central,2026-09-27
EQH,Equitable Holdings Inc. Common Stock,14364379610.0,large,Finance,Specialty Insurers,2026-09-27
EXEL,Exelixis Inc. Common Stock,14358949051.0,large,Health Care,Biotechnology: Biological Products (No Diagnostic Substances),2026-09-27
SGI,Somnigroup International Inc. Common Stock,14346203929.0,large,Consumer Discretionary,Home Furnishings,2026-09-27
FLUT,Flutter Entertainment plc Ordinary Shares,14345581425.0,large,Technology,Computer Software: Programming Data Processing,2026-09-27
AGI,Alamos Gold Inc. Class A Common Shares,14320820515.0,large,Basic Materials,Precious Metals,2026-09-27
ARMK,Aramark Common Stock,14320112390.0,large,Consumer Discretionary,Restaurants,2026-09-27
WMG,Warner Music Group Corp. Class A Common Stock,14275665596.0,large,Consumer Discretionary,Services-Misc. Amusement & Recreation,2026-09-27
FN,Fabrinet Ordinary Shares,14275176423.0,large,Utilities,Telecommunications Equipment,2026-09-27
EG,Everest Group Ltd. Common Stock,14261963339.0,large,Finance,Property-Casualty Insurers,2026-09-27
INIO,INNIO N.V. Ordinary Shares,14257500000.0,large,Consumer Discretionary,Metal Fabrications,2026-09-27
LOGI,Logitech International S.A. Ordinary Shares,14255830334.0,large,Technology,Computer peripheral equipment,2026-09-27
PFGC,Performance Food Group Company Common Stock,14228383450.0,large,Consumer Discretionary,Food Distributors,2026-09-27
PNFP,Pinnacle Financial Partners Inc. Common stock,14186454643.0,large,Finance,Major Banks,2026-09-27
NBIX,Neurocrine Biosciences Inc. Common Stock,14123137208.0,large,Health Care,Biotechnology: Biological Products (No Diagnostic Substances),2026-09-27
KKRS,KKR Group Finance Co. IX LLC 4.625% Subordinated Notes due 2061,14056973512.0,large,Finance,Investment Managers,2026-09-27
CRL,Charles River Laboratories International Inc. Common Stock,14056233472.0,large,Health Care,Biotechnology: Commercial Physical & Biological Resarch,2026-09-27
CG,The Carlyle Group Inc. Common Stock,14046638897.0,large,Finance,Investment Managers,2026-09-27
VLYPN,Valley National Bancorp 8.250% Fixed-Rate Reset Non-Cumulative Perpetual Preferred Stock Series C,14043080306.0,large,Finance,Major Banks,2026-09-27
OHI,Omega Healthcare Investors Inc. Common Stock,14038592290.0,large,Real Estate,Real Estate Investment Trusts,2026-09-27
YUMC,Yum China Holdings Inc. Common Stock,14037358995.0,large,Consumer Discretionary,Restaurants,2026-09-27
DOC,Healthpeak Properties Inc. Common Stock,13976717560.0,large,Real Estate,Real Estate Investment Trusts,2026-09-27
KEP,Korea Electric Power Corporation Common Stock,13930620471.0,large,Utilities,Electric Utilities: Central,2026-09-27
CHKP,Check Point Software Technologies Ltd. Ordinary Shares,13915295408.0,large,Technology,Computer Software: Prepackaged Software,2026-09-27
SLMBP,SLM Corporation Floating Rate Non-Cumulative Preferred Stock Series B,13906195422.0,large,Finance,Finance: Consumer Services,2026-09-27
WSE,Wise Group plc Class A Ordinary Shares,13893387414.0,large,Industrials,Diversified Commercial Services,2026-09-27
VLYPP,Valley National Bancorp 6.25% Fixed-to-Floating Rate Non-Cumulative Perpetual Preferred Stock Series A,13826182755.0,large,Finance,Major Banks,2026-09-27
GEN,Gen Digital Inc. Common Stock,13809402828.0,large,Technology,Computer Software: Prepackaged Software,2026-09-27
EMBJ,Embraer S.A. Common Stock,13804833274.0,large,Industrials,Aerospace,2026-09-27
ARCC,Ares Capital Corporation Common Stock,13735777025.0,large,Finance,Finance: Consumer Services,2026-09-27
RNR,RenaissanceRe Holdings Ltd. Common Stock,13729576485.0,large,Finance,Property-Casualty Insurers,2026-09-27
ONTO,Onto Innovation Inc. Common Stock,13727539113.0,large,Industrials,Industrial Machinery/Components,2026-09-27
SKM,SK Telecom Co. Ltd. Common Stock,13720656600.0,large,Telecommunications,Telecommunications Equipment,2026-09-27
EQX,Equinox Gold Corp. Common Shares,13694303712.0,large,Basic Materials,Precious Metals,2026-09-27
PAG,Penske Automotive Group Inc. Common Stock,13655907698.0,large,Consumer Discretionary,Retail-Auto Dealers and Gas Stations,2026-09-27
CACI,CACI International Inc. Class A Common Stock,13631473422.0,large,Technology,EDP Services,2026-09-27
VLYPO,Valley National Bancorp 5.50% Fixed-to-Floating Rate Non-Cumulative Perpetual Preferred Stock Series B,13627300134.0,large,Finance,Major Banks,2026-09-27
SWK,Stanley Black & Decker Inc. Common Stock,13617170519.0,large,Consumer Discretionary,Industrial Machinery/Components,2026-09-27
MAA,Mid-America Apartment Communities Inc. Common Stock,13604734678.0,large,Real Estate,Real Estate Investment Trusts,2026-09-27
IVZ,Invesco Ltd Common Stock,13545213250.0,large,Finance,Investment Managers,2026-09-27
TU,Telus Corporation Ordinary Shares,13538280000.0,large,Telecommunications,Telecommunications Equipment,2026-09-27
SUI,Sun Communities Inc. Common Stock,13535740351.0,large,Real Estate,Real Estate Investment Trusts,2026-09-27
CET,Central Securities Corporation Common Stock,13517107420.0,large,Finance,Finance/Investors Services,2026-09-27
CHTR,Charter Communications Inc. Class A Common Stock New,13468584185.0,large,Telecommunications,Cable & Other Pay Television Services,2026-09-27
TRMB,Trimble Inc. Common Stock,13452145431.0,large,Industrials,Industrial Machinery/Components,2026-09-27
TYL,Tyler Technologies Inc. Common Stock,13385250757.0,large,Technology,Computer Software: Prepackaged Software,2026-09-27
W,Wayfair Inc. Class A Common Stock,13377671397.0,large,Consumer Discretionary,Catalog/Specialty Distribution,2026-09-27
TTMI,TTM Technologies Inc. Common Stock,13377198751.0,large,Technology,Electrical Products,2026-09-27
REG,Regency Centers Corporation Common Stock,13353150287.0,large,Real Estate,Real Estate Investment Trusts,2026-09-27
ICLR,ICON plc Ordinary Shares,13315057818.0,large,Health Care,Biotechnology: Commercial Physical & Biological Resarch,2026-09-27
ULS,UL Solutions Inc. Class A Common Stock,13286918765.0,large,Health Care,Precision Instruments,2026-09-27
MLI,Mueller Industries Inc. Common Stock,13275306908.0,large,Industrials,Metal Fabrications,2026-09-27
MAS,Masco Corporation Common Stock,13272685913.0,large,Industrials,Industrial Specialties,2026-09-27
SWKS,Skyworks Solutions Inc. Common Stock,13213014987.0,large,Technology,Semiconductors,2026-09-27
WSO,Watsco Inc. Common Stock,13209365041.0,large,Consumer Discretionary,Industrial Machinery/Components,2026-09-27
TLK,PT Telekomunikasi Indonesia Tbk,13175274808.0,large,Telecommunications,Telecommunications Equipment,2026-09-27
TME,Tencent Music Entertainment Group American Depositary Shares each representing two Class A Ordinary Shares,13126363530.0,large,Consumer Discretionary,Broadcasting,2026-09-27
AMKR,Amkor Technology Inc. Common Stock,13090960750.0,large,Technology,Semiconductors,2026-09-27
HALO,Halozyme Therapeutics Inc. Common Stock,13077239560.0,large,Health Care,Biotechnology: Biological Products (No Diagnostic Substances),2026-09-27
TXT,Textron Inc. Common Stock,13074445430.0,large,Industrials,Aerospace,2026-09-27
SMMT,Summit Therapeutics Inc. Common Stock ,13067138481.0,large,Health Care,Biotechnology: Pharmaceutical Preparations,2026-09-27
QNT,Quantinuum Inc. Class A Common Stock,13004789133.0,large,Technology,EDP Services,2026-09-27
SJM,The J.M. Smucker Company Common Stock,12996108444.0,large,Consumer Staples,Packaged Foods,2026-09-27
ALLE,Allegion plc Ordinary Shares,12966409129.0,large,Consumer Discretionary,Diversified Commercial Services,2026-09-27
BBIO,BridgeBio Pharma Inc. Common Stock,12956909777.0,large,Health Care,Biotechnology: Pharmaceutical Preparations,2026-09-27
STLA,Stellantis N.V. Common Shares,12951749886.0,large,Industrials,Auto Manufacturing,2026-09-27
TRU,TransUnion Common Stock,12940664000.0,large,Finance,Finance: Consumer Services,2026-09-27
AIZ,Assurant Inc. Common Stock,12915921627.0,large,Finance,Property-Casualty Insurers,2026-09-27
HTHT,H World Group Limited American Depositary Shares,12912925160.0,large,Consumer Discretionary,Hotels/Resorts,2026-09-27
DOCU,DocuSign Inc. Common Stock,12894400163.0,large,Technology,Computer Software: Prepackaged Software,2026-09-27
GL,Globe Life Inc. Common Stock,12858449472.0,large,Finance,Life Insurance,2026-09-27
MKC,McCormick & Company Incorporated Common Stock,12856481217.0,large,Consumer Staples,Packaged Foods,2026-09-27
CORT,Corcept Therapeutics Incorporated Common Stock,12810741028.0,large,Health Care,Biotechnology: Pharmaceutical Preparations,2026-09-27
AVY,Avery Dennison Corporation Common Stock,12808953879.0,large,Consumer Discretionary,Containers/Packaging,2026-09-27
ALB,Albemarle Corporation Common Stock,12774047420.0,large,Industrials,Major Chemicals,2026-09-27
IESC,IES Holdings Inc. Common Stock,12771512196.0,large,Industrials,Engineering & Construction,2026-09-27
GDDY,GoDaddy Inc. Class A Common Stock,12767355040.0,large,Technology,EDP Services,2026-09-27
GRAB,Grab Holdings Limited Class A Ordinary Shares,12752498345.0,large,Consumer Discretionary,Business Services,2026-09-27
VICR,Vicor Corporation Common Stock,12728224436.0,large,Technology,Industrial Machinery/Components,2026-09-27
DTM,DT Midstream Inc. Common Stock ,12726408176.0,large,Utilities,Natural Gas Distribution,2026-09-27
QXO,QXO Inc. Common Stock,12719636092.0,large,Consumer Discretionary,RETAIL: Building Materials,2026-09-27
LII,Lennox International Inc. Common Stock,12710725052.0,large,Industrials,Industrial Machinery/Components,2026-09-27
BWXT,BWX Technologies Inc. Common Stock,12706136186.0,large,Industrials,Industrial Machinery/Components,2026-09-27
SAIL,SailPoint Inc. Common Stock,12628565322.0,large,Technology,Computer Software: Prepackaged Software,2026-09-27
COKE,Coca-Cola Consolidated Inc. Common Stock,12623918357.0,large,Consumer Staples,Beverages (Production/Distribution),2026-09-27
GME,GameStop Corporation Common Stock,12622614770.0,large,Consumer Discretionary,Electronics Distribution,2026-09-27
RPM,RPM International Inc. Common Stock,12609354779.0,large,Consumer Discretionary,Paints/Coatings,2026-09-27
PEN,Penumbra Inc. Common Stock,12593586002.0,large,Health Care,Medical/Dental Instruments,2026-09-27
PAC,Grupo Aeroportuario Del Pacifico S.A. B. de C.V. Grupo Aeroportuario Del Pacifico S.A. de C.V. (each representing 10 Series B shares),12579279766.0,large,Consumer Discretionary,Aerospace,2026-09-27
SEIC,SEI Investments Company Common Stock,12575609890.0,large,Finance,Investment Bankers/Brokers/Service,2026-09-27
TOL,Toll Brothers Inc. Common Stock,12524620240.0,large,Consumer Discretionary,Homebuilding,2026-09-27
HUT,Hut 8 Corp. Common Stock,12515766381.0,large,Finance,Finance: Consumer Services,2026-09-27
GGG,Graco Inc. Common Stock,12494737522.0,large,Industrials,Fluid Controls,2026-09-27
FMS,Fresenius Medical Care AG American Depositary Shares (Each representing 1/2 of an Ordinary Share),12484213160.0,large,Health Care,Misc Health and Biotechnology Services,2026-09-27
CNA,CNA Financial Corporation Common Stock,12477408790.0,large,Finance,Property-Casualty Insurers,2026-09-27
CSL,Carlisle Companies Incorporated Common Stock,12475400599.0,large,Industrials,Specialty Chemicals,2026-09-27
GWRE,Guidewire Software Inc. Common Stock,12380893019.0,large,Technology,Computer Software: Prepackaged Software,2026-09-27
BNT,Brookfield Wealth Solutions Ltd. Class A Exchangeable Limited Voting Shares,12367942871.0,large,Finance,Property-Casualty Insurers,2026-09-27
SREA,DBA Sempra 5.750% Junior Subordinated Notes due 2079,12276698516.0,large,Utilities,Natural Gas Distribution,2026-09-27
HAS,Hasbro Inc. Common Stock,12244070180.0,large,Consumer Discretionary,Recreational Games/Products/Toys,2026-09-27
FIVE,Five Below Inc. Common Stock,12242916303.0,large,Consumer Discretionary,Department/Specialty Retail Stores,2026-09-27
MAIR,Madison Air Solutions Corporation Class A Common Stock,12226980054.0,large,Industrials,Pollution Control Equipment,2026-09-27
MANH,Manhattan Associates Inc. Common Stock,12222471280.0,large,Technology,Computer Software: Prepackaged Software,2026-09-27
TWST,Twist Bioscience Corporation Common Stock,12201405051.0,large,Health Care,Biotechnology: Biological Products (No Diagnostic Substances),2026-09-27
AHR,American Healthcare REIT Inc. Common Stock,12197917812.0,large,Real Estate,Real Estate Investment Trusts,2026-09-27
AIT,Applied Industrial Technologies Inc. Common Stock,12196387818.0,large,Consumer Discretionary,Industrial Specialties,2026-09-27
JBS,JBS N.V. Class A Common Shares,12165755564.0,large,Consumer Staples,Meat/Poultry/Fish,2026-09-27
AUR,Aurora Innovation Inc. Class A Common Stock,12145180924.0,large,Technology,EDP Services,2026-09-27
BAX,Baxter International Inc. Common Stock,12139066057.0,large,Health Care,Medical/Dental Instruments,2026-09-27
NXT,Nextpower Inc. Common Stock,12133809714.0,large,Technology,Semiconductors,2026-09-27
HL,Hecla Mining Company Common Stock,12051525652.0,large,Industrials,Mining & Quarrying of Nonmetallic Minerals (No Fuels),2026-09-27
EHC,Encompass Health Corporation Common Stock,12036699382.0,large,Health Care,Hospital/Nursing Management,2026-09-27
BWA,BorgWarner Inc. Common Stock,11910408382.0,large,Consumer Discretionary,Auto Parts:O.E.M.,2026-09-27
SANM,Sanmina Corporation Common Stock,11892181349.0,large,Technology,Electrical Products,2026-09-27
BMRN,BioMarin Pharmaceutical Inc. Common Stock,11875750115.0,large,Health Care,Biotechnology: Pharmaceutical Preparations,2026-09-27
FPS,Forgent Power Solutions Inc. Class A Common Stock,11857505227.0,large,Energy,Industrial Machinery/Components,2026-09-27
MDGL,Madrigal Pharmaceuticals Inc. Common Stock,11857268504.0,large,Health Care,Biotechnology: Pharmaceutical Preparations,2026-09-27
DKS,Dick's Sporting Goods Inc Common Stock,11849463587.0,large,Consumer Discretionary,Other Specialty Stores,2026-09-27
WTS,Watts Water Technologies Inc. Class A Common Stock,11830952920.0,large,Industrials,Metal Fabrications,2026-09-27
CR,Crane Company Common Stock,11823640823.0,large,Industrials,Metal Fabrications,2026-09-27
UHAL,U-Haul Holding Company Common Stock,11817180561.0,large,Consumer Discretionary,Rental/Leasing Companies,2026-09-27
MICC,The Magnum Ice Cream Company N.V. Ordinary Shares,11804367768.0,large,Consumer Staples,Specialty Foods,2026-09-27
ALLY,Ally Financial Inc. Common Stock,11784696107.0,large,Finance,Major Banks,2026-09-27
HMY,Harmony Gold Mining Company Limited,11774941280.0,large,Basic Materials,Precious Metals,2026-09-27
HBM,Hudbay Minerals Inc. Ordinary Shares (Canada),11760953245.0,large,Basic Materials,Metal Mining,2026-09-27
GNRC,Generac Holdlings Inc. Common Stock,11686209796.0,large,Consumer Discretionary,Metal Fabrications,2026-09-27
NVMI,Nova Ltd. Ordinary Shares,11657994130.0,large,Technology,Electronic Components,2026-09-27
FROG,JFrog Ltd. Ordinary Shares,11614983496.0,large,Technology,Computer Software: Prepackaged Software,2026-09-27
BJ,BJ's Wholesale Club Holdings Inc. Common Stock,11600741313.0,large,Consumer Discretionary,Department/Specialty Retail Stores,2026-09-27
ARW,Arrow Electronics Inc. Common Stock,11572329811.0,large,Technology,Electronic Components,2026-09-27
ELS,Equity Lifestyle Properties Inc. Common Stock,11556548061.0,large,Real Estate,Real Estate Investment Trusts,2026-09-27
CCK,Crown Holdings Inc.,11495986013.0,large,Industrials,Containers/Packaging,2026-09-27
AFG,American Financial Group Inc. Common Stock,11477989324.0,large,Finance,Property-Casualty Insurers,2026-09-27
PSKY,Paramount Skydance Corporation Class B Common Stock,11421408030.0,large,Industrials,Broadcasting,2026-09-27
AGNC,AGNC Investment Corp. Common Stock,11404331520.0,large,Real Estate,Real Estate Investment Trusts,2026-09-27
TECH,Bio-Techne Corp Common Stock,11380299532.0,large,Health Care,Biotechnology: Biological Products (No Diagnostic Substances),2026-09-27
FIG,Figma Inc. Class A Common Stock,11374430562.0,large,Technology,Computer Software: Prepackaged Software,2026-09-27
RMBS,Rambus Inc. Common Stock,11339660594.0,large,Technology,Semiconductors,2026-09-27
IT,Gartner Inc. Common Stock,11323874376.0,large,Consumer Discretionary,Other Consumer Services,2026-09-27
CSGP,CoStar Group Inc. Common Stock,11286778814.0,large,Finance,Real Estate,2026-09-27
WTRG,Essential Utilities Inc. Common Stock,11277361763.0,large,Utilities,Water Supply,2026-09-27
AA,Alcoa Corporation Common Stock ,11263655113.0,large,Industrials,Aluminum,2026-09-27
FRHC,Freedom Holding Corp. Common Stock,11250230652.0,large,Finance,Investment Bankers/Brokers/Service,2026-09-27
PAYP,PayPay Corporation American Depository Shares,11220261747.0,large,Consumer Discretionary,Business Services,2026-09-27
GLPI,Gaming and Leisure Properties Inc. Common Stock,11209149257.0,large,Real Estate,Real Estate Investment Trusts,2026-09-27
SNN,Smith & Nephew SNATS Inc. Common Stock,11171144488.0,large,Health Care,Industrial Specialties,2026-09-27
ELAN,Elanco Animal Health Incorporated Common Stock,11166547901.0,large,Health Care,Biotechnology: Pharmaceutical Preparations,2026-09-27
DVA,DaVita Inc. Common Stock,11143946000.0,large,Health Care,Misc Health and Biotechnology Services,2026-09-27
AEIS,Advanced Energy Industries Inc. Common Stock,11135224389.0,large,Technology,Industrial Machinery/Components,2026-09-27
SUZ,Suzano S.A. American Depositary Shares (each representing One Ordinary Share),11098952660.0,large,Basic Materials,Paper,2026-09-27
AR,Antero Resources Corporation Common Stock,11095473510.0,large,Energy,Oil & Gas Production,2026-09-27
BTSG,BrightSpring Health Services Inc. Common Stock,11084354781.0,large,Health Care,Medical/Nursing Services,2026-09-27
IAG,Iamgold Corporation Ordinary Shares,11054560000.0,large,Basic Materials,Precious Metals,2026-09-27
HUBS,HubSpot Inc. Common Stock,11048355494.0,large,Technology,Computer Software: Prepackaged Software,2026-09-27
PNW,Pinnacle West Capital Corporation Common Stock,11038644073.0,large,Utilities,Electric Utilities: Central,2026-09-27
AMH,American Homes 4 Rent Common Shares of Beneficial Interest,11016048882.0,large,Real Estate,Real Estate Investment Trusts,2026-09-27
EGO,Eldorado Gold Corporation Ordinary Shares,11009405828.0,large,Basic Materials,Precious Metals,2026-09-27
FHN,First Horizon Corporation Common Stock,10982154522.0,large,Finance,Major Banks,2026-09-27
TXG,10x Genomics Inc. Class A Common Stock,10958790140.0,large,Industrials,Biotechnology: Laboratory Analytical Instruments,2026-09-27
FNF,Fidelity National Financial Inc. Common Stock,10947631198.0,large,Finance,Specialty Insurers,2026-09-27
HRL,Hormel Foods Corporation Common Stock,10918959872.0,large,Consumer Staples,Meat/Poultry/Fish,2026-09-27
TX,Ternium S.A. Ternium S.A. American Depositary Shares (each representing ten shares USD1.00 par value),10900965359.0,large,Industrials,Steel/Iron Ore,2026-09-27
EGP,EastGroup Properties Inc. Common Stock,10889096693.0,large,Real Estate,Real Estate Investment Trusts,2026-09-27
UDR,UDR Inc. Common Stock,10778414648.0,large,Real Estate,Real Estate Investment Trusts,2026-09-27
DECK,Deckers Outdoor Corporation Common Stock,10733071380.0,large,Consumer Discretionary,Shoe Manufacturing,2026-09-27
LULU,lululemon athletica inc. Common Stock,10732580665.0,large,Consumer Discretionary,Apparel,2026-09-27
BIPJ,Brookfield Infrastructure Corporation 7.250% Subordinated Notes due 2084,10717020470.0,large,Consumer Discretionary,Marine Transportation,2026-09-27
LI,Li Auto Inc. American Depositary Shares,10709934898.0,large,Industrials,Auto Manufacturing,2026-09-27
LFUS,Littelfuse Inc. Common Stock,10696936287.0,large,Energy,Electrical Products,2026-09-27
BEPC,Brookfield Renewable Corporation Brookfield Renewable Corporation Class A Subordinate Voting Shares,10696031321.0,large,Utilities,Electric Utilities: Central,2026-09-27
GSAT,Globalstar Inc. Common Stock,10683797139.0,large,Consumer Discretionary,Telecommunications Equipment,2026-09-27
FRO,Frontline Plc Ordinary Shares,10679219985.0,large,Consumer Discretionary,Marine Transportation,2026-09-27
KNX,Knight-Swift Transportation Holdings Inc.,10660518000.0,large,Industrials,Trucking Freight/Courier Services,2026-09-27
XP,XP Inc. Class A Common Stock,10635760988.0,large,Finance,Investment Bankers/Brokers/Service,2026-09-27
SCI,Service Corporation International Common Stock,10622164104.0,large,Consumer Discretionary,Other Consumer Services,2026-09-27
TXRH,Texas Roadhouse Inc. Common Stock,10604291595.0,large,Consumer Discretionary,Restaurants,2026-09-27
PINS,Pinterest Inc. Class A Common Stock,10601379865.0,large,Technology,Computer Software: Programming Data Processing,2026-09-27
AES,The AES Corporation Common Stock,10594563656.0,large,Industrials,Electric Utilities: Central,2026-09-27
DKNG,DraftKings Inc. Class A Common Stock,10559577601.0,large,Consumer Discretionary,Services-Misc. Amusement & Recreation,2026-09-27
SF,Stifel Financial Corporation Common Stock,10556531224.0,large,Finance,Investment Bankers/Brokers/Service,2026-09-27
COO,The Cooper Companies Inc. Common Stock,10530800182.0,large,Health Care,Ophthalmic Goods,2026-09-27
HII,Huntington Ingalls Industries Inc. Common Stock,10481623068.0,large,Industrials,Marine Transportation,2026-09-27
MOD,Modine Manufacturing Company Common Stock,10460547841.0,large,Consumer Discretionary,Auto Parts:O.E.M.,2026-09-27
UHS,Universal Health Services Inc. Common Stock,10431173790.0,large,Health Care,Hospital/Nursing Management,2026-09-27
AVTR,Avantor Inc. Common Stock,10402398959.0,large,Industrials,Biotechnology: Laboratory Analytical Instruments,2026-09-27
RTO,Rentokil Initial plc American Depositary Shares (each representing five (5) Ordinary Shares),10365420000.0,large,Consumer Discretionary,Other Consumer Services,2026-09-27
BIO,Bio-Rad Laboratories Inc. Class A Common Stock,10362112340.0,large,Industrials,Biotechnology: Laboratory Analytical Instruments,2026-09-27
JKHY,Jack Henry & Associates Inc. Common Stock,10359137832.0,large,Technology,EDP Services,2026-09-27
ALGN,Align Technology Inc. Common Stock,10345178448.0,large,Health Care,Industrial Specialties,2026-09-27
AXSM,Axsome Therapeutics Inc. Common Stock,10268211753.0,large,Health Care,Biotechnology: Pharmaceutical Preparations,2026-09-27
RDY,Dr. Reddy's Laboratories Ltd Common Stock,10266280731.0,large,Health Care,Biotechnology: Pharmaceutical Preparations,2026-09-27
QRVO,Qorvo Inc. Common Stock,10263704783.0,large,Technology,Semiconductors,2026-09-27
UMBF,UMB Financial Corporation Common Stock,10252494550.0,large,Finance,Major Banks,2026-09-27
CHYM,Chime Financial Inc. Class A Common Stock,10248298955.0,large,Finance,Finance: Consumer Services,2026-09-27
KRYS,Krystal Biotech Inc. Common Stock,10210414467.0,large,Health Care,Biotechnology: Biological Products (No Diagnostic Substances),2026-09-27
DDS,Dillard's Inc. Common Stock,10180601967.0,large,Consumer Discretionary,Department/Specialty Retail Stores,2026-09-27
BPOP,Popular Inc. Common Stock,10178410975.0,large,Finance,Major Banks,2026-09-27
VSAT,ViaSat Inc. Common Stock,10155358313.0,large,Consumer Discretionary,Telecommunications Equipment,2026-09-27
NYT,New York Times Company (The) Common Stock,10119705449.0,large,Consumer Discretionary,Newspapers/Magazines,2026-09-27
ERIE,Erie Indemnity Company Class A Common Stock,10113558329.0,large,Finance,Specialty Insurers,2026-09-27
ENSG,The Ensign Group Inc. Common Stock,10099180164.0,large,Health Care,Hospital/Nursing Management,2026-09-27
MOH,Molina Healthcare Inc Common Stock,10090782000.0,large,Health Care,Medical Specialities,2026-09-27
FORM,FormFactor Inc. FormFactor Inc. Common Stock,10080698354.0,large,Technology,Semiconductors,2026-09-27
AM,Antero Midstream Corporation Common Stock,10077329020.0,large,Utilities,Natural Gas Distribution,2026-09-27
RRX,Regal Rexnord Corporation Common Stock,10062697022.0,large,Industrials,Industrial Machinery/Components,2026-09-27
DCI,Donaldson Company Inc. Common Stock,10037897450.0,large,Industrials,Pollution Control Equipment,2026-09-27
DRS,Leonardo DRS Inc. Common Stock,10032452049.0,large,Industrials,Industrial Machinery/Components,2026-09-27
CART,Maplebear Inc. Common Stock,10014692898.0,large,Consumer Discretionary,Business Services,2026-09-27
TFII,TFI International Inc. Common Shares,10008280075.0,large,Industrials,Trucking Freight/Courier Services,2026-09-27
